timestamp,location,sensor,value
2023-12-31T19:10:00.000Z,zone-d,light,265.1
2023-12-31T19:15:00.000Z,zone-b,pressure,1017
2023-12-31T20:28:00.000Z,zone-b,humidity,41.6
2023-12-31T21:23:00.000Z,zone-a,humidity,76.3
2024-01-01T01:12:00.000Z,zone-a,temperature,33.9
2024-01-01T02:24:00.000Z,zone-c,light,388.4
2024-01-01T04:06:00.000Z,zone-b,light,610.7
2024-01-01T04:32:00.000Z,zone-d,temperature,21.4
2024-01-01T04:49:00.000Z,zone-c,temperature,27.3
2024-01-01T05:44:00.000Z,zone-d,pressure,1002.7
2024-01-01T09:14:00.000Z,zone-c,pressure,1003.3
2024-01-01T10:24:00.000Z,zone-c,humidity,48.1
2024-01-01T12:58:00.000Z,zone-d,humidity,75
2024-01-01T13:13:00.000Z,zone-a,light,824
2024-01-01T15:46:00.000Z,zone-b,temperature,33.7
2024-01-01T17:29:00.000Z,zone-a,pressure,1006
2024-01-01T22:34:00.000Z,zone-d,temperature,28.5
2024-01-02T02:50:00.000Z,zone-a,pressure,994.3
2024-01-02T03:04:00.000Z,zone-c,pressure,991
2024-01-02T05:21:00.000Z,zone-a,temperature,28.8
2024-01-02T06:06:00.000Z,zone-a,humidity,68.1
2024-01-02T06:18:00.000Z,zone-a,light,186.3
2024-01-02T07:29:00.000Z,zone-b,pressure,1005.5
2024-01-02T07:43:00.000Z,zone-c,humidity,76.1
2024-01-02T08:15:00.000Z,zone-b,humidity,32.4
2024-01-02T09:18:00.000Z,zone-b,light,635.4
2024-01-02T12:20:00.000Z,zone-c,temperature,24.9
2024-01-02T13:35:00.000Z,zone-d,light,493.6
2024-01-02T15:01:00.000Z,zone-d,humidity,50.2
2024-01-02T15:24:00.000Z,zone-c,light,688.1
2024-01-02T15:59:00.000Z,zone-b,temperature,29.2
2024-01-02T18:12:00.000Z,zone-d,pressure,1018.8
2024-01-02T18:46:00.000Z,zone-b,light,632.2
2024-01-02T18:51:00.000Z,zone-d,pressure,999.5
2024-01-02T19:51:00.000Z,zone-a,pressure,996.4
2024-01-02T23:58:00.000Z,zone-c,humidity,60.5
2024-01-03T00:01:00.000Z,zone-d,light,489.1
2024-01-03T00:45:00.000Z,zone-a,humidity,75.7
2024-01-03T00:50:00.000Z,zone-c,light,216.6
2024-01-03T01:55:00.000Z,zone-c,pressure,1011.7
2024-01-03T01:57:00.000Z,zone-b,humidity,54.7
2024-01-03T04:01:00.000Z,zone-d,humidity,43.3
2024-01-03T12:25:00.000Z,zone-c,temperature,18.1
2024-01-03T13:14:00.000Z,zone-a,temperature,33.1
2024-01-03T13:22:00.000Z,zone-b,temperature,31.4
2024-01-03T15:09:00.000Z,zone-a,light,709.4
2024-01-03T15:44:00.000Z,zone-b,pressure,999
2024-01-03T15:51:00.000Z,zone-d,temperature,30.5
2024-01-03T21:29:00.000Z,zone-d,light,158.9
2024-01-03T21:41:00.000Z,zone-a,humidity,66.4
2024-01-03T23:20:00.000Z,zone-c,pressure,990.2
2024-01-04T02:27:00.000Z,zone-b,humidity,58.4
2024-01-04T02:57:00.000Z,zone-a,pressure,1011.9
2024-01-04T03:23:00.000Z,zone-c,light,287.1
2024-01-04T03:24:00.000Z,zone-d,temperature,31.7
2024-01-04T04:06:00.000Z,zone-a,temperature,34.6
2024-01-04T04:22:00.000Z,zone-d,humidity,45.1
2024-01-04T05:28:00.000Z,zone-a,light,379.8
2024-01-04T07:47:00.000Z,zone-c,humidity,36.2
2024-01-04T07:58:00.000Z,zone-b,pressure,995.2
2024-01-04T09:38:00.000Z,zone-b,temperature,18.1
2024-01-04T14:48:00.000Z,zone-d,pressure,1000.8
2024-01-04T14:52:00.000Z,zone-c,temperature,22
2024-01-04T18:18:00.000Z,zone-b,light,377.5
2024-01-04T18:47:00.000Z,zone-a,light,654
2024-01-04T18:49:00.000Z,zone-b,light,648.5
2024-01-04T21:22:00.000Z,zone-b,pressure,1005.2
2024-01-04T21:44:00.000Z,zone-d,humidity,75.1
2024-01-04T22:21:00.000Z,zone-d,temperature,30.4
2024-01-04T23:07:00.000Z,zone-c,humidity,59.7
2024-01-05T01:36:00.000Z,zone-a,temperature,23
2024-01-05T04:09:00.000Z,zone-d,pressure,1008.2
2024-01-05T04:18:00.000Z,zone-d,light,453.3
2024-01-05T04:31:00.000Z,zone-c,light,202.4
2024-01-05T07:16:00.000Z,zone-b,temperature,33.8
2024-01-05T10:10:00.000Z,zone-c,temperature,32.5
2024-01-05T11:59:00.000Z,zone-a,humidity,79.5
2024-01-05T15:42:00.000Z,zone-a,pressure,1008.3
2024-01-05T15:42:00.000Z,zone-c,pressure,1000.2
2024-01-05T16:30:00.000Z,zone-b,humidity,40.7
2024-01-05T21:14:00.000Z,zone-c,light,433.2
2024-01-05T21:26:00.000Z,zone-d,temperature,15.1
2024-01-05T22:21:00.000Z,zone-c,humidity,79.6
2024-01-05T23:58:00.000Z,zone-a,pressure,990.9
2024-01-06T00:01:00.000Z,zone-b,light,472
2024-01-06T01:45:00.000Z,zone-d,light,425.9
2024-01-06T02:19:00.000Z,zone-b,pressure,990.1
2024-01-06T08:47:00.000Z,zone-c,pressure,990
2024-01-06T09:25:00.000Z,zone-b,temperature,22.9
2024-01-06T09:55:00.000Z,zone-b,humidity,36.8
2024-01-06T13:58:00.000Z,zone-a,light,898.1
2024-01-06T14:26:00.000Z,zone-a,humidity,71.2
2024-01-06T14:44:00.000Z,zone-c,temperature,27.1
2024-01-06T15:09:00.000Z,zone-d,pressure,1015.7
2024-01-06T16:49:00.000Z,zone-a,temperature,26.5
2024-01-06T17:44:00.000Z,zone-d,humidity,46.2
2024-01-06T19:35:00.000Z,zone-c,humidity,66.8
2024-01-06T20:48:00.000Z,zone-b,temperature,25
2024-01-06T21:23:00.000Z,zone-b,humidity,53.7
2024-01-06T22:39:00.000Z,zone-c,light,517.9
2024-01-07T00:11:00.000Z,zone-d,humidity,59.1
2024-01-07T00:30:00.000Z,zone-a,humidity,57.9
2024-01-07T01:01:00.000Z,zone-d,temperature,17.8
2024-01-07T02:32:00.000Z,zone-c,temperature,23.9
2024-01-07T04:04:00.000Z,zone-c,pressure,993.8
2024-01-07T05:15:00.000Z,zone-d,light,779
2024-01-07T09:54:00.000Z,zone-a,light,674.5
2024-01-07T11:46:00.000Z,zone-b,light,138.4
2024-01-07T11:55:00.000Z,zone-d,pressure,1005.3
2024-01-07T12:48:00.000Z,zone-a,temperature,20.6
2024-01-07T13:37:00.000Z,zone-a,pressure,1013.8
2024-01-07T15:07:00.000Z,zone-b,pressure,996.8
2024-01-07T19:15:00.000Z,zone-b,light,811.1
2024-01-07T19:43:00.000Z,zone-a,pressure,1001.5
2024-01-07T19:44:00.000Z,zone-a,humidity,44.2
2024-01-07T19:57:00.000Z,zone-d,light,235.5
2024-01-07T20:22:00.000Z,zone-a,temperature,24.4
2024-01-07T22:57:00.000Z,zone-a,light,487.3
2024-01-07T23:33:00.000Z,zone-c,pressure,990.9
2024-01-07T23:36:00.000Z,zone-b,temperature,31.4
2024-01-08T02:49:00.000Z,zone-d,humidity,35.7
2024-01-08T05:32:00.000Z,zone-c,light,726.5
2024-01-08T06:16:00.000Z,zone-d,temperature,27.1
2024-01-08T07:58:00.000Z,zone-b,humidity,46
2024-01-08T09:47:00.000Z,zone-d,pressure,1017
2024-01-08T13:16:00.000Z,zone-c,temperature,15.5
2024-01-08T15:28:00.000Z,zone-c,humidity,45.2
2024-01-08T16:10:00.000Z,zone-b,pressure,1011.1
2024-01-08T19:37:00.000Z,zone-b,pressure,997.8
2024-01-08T20:13:00.000Z,zone-c,light,746.3
2024-01-08T20:50:00.000Z,zone-a,pressure,1002.2
2024-01-08T21:41:00.000Z,zone-a,humidity,60.9
2024-01-08T21:44:00.000Z,zone-d,pressure,1006.3
2024-01-09T00:24:00.000Z,zone-a,light,841.9
2024-01-09T02:00:00.000Z,zone-c,pressure,999.8
2024-01-09T04:06:00.000Z,zone-c,humidity,42.8
2024-01-09T05:38:00.000Z,zone-b,humidity,36
2024-01-09T07:25:00.000Z,zone-c,temperature,33.2
2024-01-09T07:54:00.000Z,zone-d,light,831.9
2024-01-09T08:25:00.000Z,zone-d,temperature,16.9
2024-01-09T11:26:00.000Z,zone-d,humidity,65.2
2024-01-09T16:21:00.000Z,zone-b,light,838.9
2024-01-09T17:05:00.000Z,zone-a,temperature,25.3
2024-01-09T17:38:00.000Z,zone-b,temperature,33.7
2024-01-09T19:28:00.000Z,zone-b,light,516.8
2024-01-10T00:04:00.000Z,zone-c,temperature,22.9
2024-01-10T00:06:00.000Z,zone-a,pressure,992
2024-01-10T01:36:00.000Z,zone-a,light,856.5
2024-01-10T02:40:00.000Z,zone-d,humidity,49.3
2024-01-10T05:43:00.000Z,zone-a,temperature,27.6
2024-01-10T05:48:00.000Z,zone-c,pressure,1018.8
2024-01-10T06:38:00.000Z,zone-c,humidity,66.8
2024-01-10T10:45:00.000Z,zone-d,temperature,32.9
2024-01-10T11:51:00.000Z,zone-d,light,616.4
2024-01-10T12:18:00.000Z,zone-b,temperature,18.4
2024-01-10T12:21:00.000Z,zone-d,pressure,1001.3
2024-01-10T13:55:00.000Z,zone-a,humidity,38.2
2024-01-10T14:43:00.000Z,zone-c,light,559.1
2024-01-10T15:20:00.000Z,zone-b,pressure,999
2024-01-10T18:25:00.000Z,zone-b,humidity,41.4
2024-01-10T19:27:00.000Z,zone-d,humidity,70.3
2024-01-10T20:16:00.000Z,zone-b,humidity,72.3
2024-01-11T00:58:00.000Z,zone-a,humidity,47.8
2024-01-11T01:24:00.000Z,zone-a,temperature,27.5
2024-01-11T01:39:00.000Z,zone-c,humidity,37.3
2024-01-11T03:28:00.000Z,zone-b,light,831.1
2024-01-11T04:23:00.000Z,zone-c,temperature,30.2
2024-01-11T05:14:00.000Z,zone-d,temperature,34.4
2024-01-11T05:18:00.000Z,zone-b,temperature,31.2
2024-01-11T09:23:00.000Z,zone-a,pressure,992.3
2024-01-11T11:49:00.000Z,zone-c,pressure,995.5
2024-01-11T13:03:00.000Z,zone-a,light,785.9
2024-01-11T13:40:00.000Z,zone-d,light,880.9
2024-01-11T15:15:00.000Z,zone-d,pressure,1004.1
2024-01-11T15:33:00.000Z,zone-b,pressure,999.8
2024-01-11T16:09:00.000Z,zone-c,light,268.2
2024-01-11T18:36:00.000Z,zone-d,pressure,1012
2024-01-11T21:05:00.000Z,zone-c,pressure,1016.9
2024-01-11T22:23:00.000Z,zone-d,light,163.8
2024-01-12T00:14:00.000Z,zone-a,humidity,45.1
2024-01-12T01:40:00.000Z,zone-a,temperature,18.6
2024-01-12T02:22:00.000Z,zone-c,humidity,64.9
2024-01-12T04:57:00.000Z,zone-b,light,888.9
2024-01-12T05:38:00.000Z,zone-a,light,427.9
2024-01-12T06:58:00.000Z,zone-d,temperature,30.3
2024-01-12T09:59:00.000Z,zone-b,pressure,1017.6
2024-01-12T12:57:00.000Z,zone-d,humidity,63.2
2024-01-12T14:40:00.000Z,zone-c,temperature,19.8
2024-01-12T15:56:00.000Z,zone-b,humidity,32
2024-01-12T16:08:00.000Z,zone-a,pressure,996.4
2024-01-12T17:48:00.000Z,zone-b,temperature,31.7
2024-01-12T17:53:00.000Z,zone-c,light,673.5
2024-01-12T18:47:00.000Z,zone-d,temperature,23.5
2024-01-12T19:56:00.000Z,zone-c,temperature,25.8
2024-01-12T20:09:00.000Z,zone-c,light,533.4
2024-01-12T20:13:00.000Z,zone-d,humidity,69.6
2024-01-12T20:40:00.000Z,zone-b,pressure,1005.2
2024-01-13T03:00:00.000Z,zone-c,humidity,43.6
2024-01-13T03:05:00.000Z,zone-b,humidity,73.5
2024-01-13T06:07:00.000Z,zone-a,light,697.8
2024-01-13T09:45:00.000Z,zone-a,humidity,73.5
2024-01-13T09:56:00.000Z,zone-b,light,213.6
2024-01-13T11:51:00.000Z,zone-d,pressure,1001.9
2024-01-13T12:53:00.000Z,zone-a,temperature,29.8
2024-01-13T14:28:00.000Z,zone-d,light,190.5
2024-01-13T14:38:00.000Z,zone-a,pressure,1000.9
2024-01-13T16:47:00.000Z,zone-b,temperature,21.1
2024-01-13T18:01:00.000Z,zone-c,pressure,1019.8
2024-01-13T20:07:00.000Z,zone-a,temperature,31.2
2024-01-13T20:15:00.000Z,zone-d,light,839.6
2024-01-13T21:07:00.000Z,zone-b,pressure,994.8
2024-01-13T22:33:00.000Z,zone-a,humidity,74.3
2024-01-14T04:59:00.000Z,zone-c,humidity,74.7
2024-01-14T08:09:00.000Z,zone-c,light,800.6
2024-01-14T08:40:00.000Z,zone-b,temperature,19.4
2024-01-14T09:53:00.000Z,zone-b,humidity,40.5
2024-01-14T10:34:00.000Z,zone-d,humidity,36.1
2024-01-14T12:02:00.000Z,zone-c,pressure,1005.7
2024-01-14T13:29:00.000Z,zone-d,pressure,1016.1
2024-01-14T14:01:00.000Z,zone-b,light,652.1
2024-01-14T14:18:00.000Z,zone-a,light,601.3
2024-01-14T16:07:00.000Z,zone-d,temperature,34.3
2024-01-14T17:14:00.000Z,zone-c,temperature,20.2
2024-01-14T17:24:00.000Z,zone-a,pressure,1010.4
2024-01-14T19:13:00.000Z,zone-d,light,367.4
2024-01-14T20:55:00.000Z,zone-c,light,628.9
2024-01-14T21:52:00.000Z,zone-d,pressure,1007
2024-01-15T00:12:00.000Z,zone-a,humidity,58.3
2024-01-15T00:29:00.000Z,zone-b,pressure,1010.2
2024-01-15T01:12:00.000Z,zone-a,pressure,998.2
2024-01-15T01:50:00.000Z,zone-b,light,160.2
2024-01-15T01:58:00.000Z,zone-d,humidity,77.9
2024-01-15T03:13:00.000Z,zone-a,light,478.3
2024-01-15T04:09:00.000Z,zone-a,temperature,33.9
2024-01-15T04:41:00.000Z,zone-c,humidity,41.1
2024-01-15T05:03:00.000Z,zone-d,temperature,25.4
2024-01-15T06:47:00.000Z,zone-b,humidity,78.5
2024-01-15T10:30:00.000Z,zone-c,pressure,1011.4
2024-01-15T11:26:00.000Z,zone-c,temperature,18.9
2024-01-15T13:47:00.000Z,zone-b,temperature,26.6
2024-01-15T21:13:00.000Z,zone-c,light,875.1
2024-01-15T22:00:00.000Z,zone-b,light,191.1
2024-01-15T22:21:00.000Z,zone-d,light,154.4
2024-01-16T00:12:00.000Z,zone-d,humidity,36
2024-01-16T00:22:00.000Z,zone-a,pressure,1012.3
2024-01-16T01:26:00.000Z,zone-a,temperature,31
2024-01-16T03:09:00.000Z,zone-c,pressure,992.3
2024-01-16T03:58:00.000Z,zone-d,temperature,22
2024-01-16T04:49:00.000Z,zone-d,pressure,1006.9
2024-01-16T05:34:00.000Z,zone-b,pressure,999
2024-01-16T10:17:00.000Z,zone-c,temperature,27.5
2024-01-16T11:49:00.000Z,zone-b,humidity,50.1
2024-01-16T12:02:00.000Z,zone-a,light,103.9
2024-01-16T15:47:00.000Z,zone-c,humidity,70.2
2024-01-16T16:20:00.000Z,zone-b,temperature,17.4
2024-01-16T17:27:00.000Z,zone-a,humidity,71.8
2024-01-16T19:19:00.000Z,zone-b,pressure,1005.7
2024-01-16T23:16:00.000Z,zone-a,pressure,1014.1
2024-01-16T23:32:00.000Z,zone-a,light,766.3
2024-01-17T00:50:00.000Z,zone-c,light,891
2024-01-17T00:54:00.000Z,zone-c,humidity,79.7
2024-01-17T00:56:00.000Z,zone-d,pressure,993.6
2024-01-17T02:36:00.000Z,zone-d,humidity,71
2024-01-17T04:30:00.000Z,zone-c,temperature,34.2
2024-01-17T04:42:00.000Z,zone-d,light,773.5
2024-01-17T07:14:00.000Z,zone-b,temperature,30
2024-01-17T07:57:00.000Z,zone-c,pressure,1016.8
2024-01-17T09:14:00.000Z,zone-a,temperature,34.5
2024-01-17T10:59:00.000Z,zone-b,humidity,37.1
2024-01-17T11:54:00.000Z,zone-d,temperature,29.9
2024-01-17T14:50:00.000Z,zone-b,light,178.7
2024-01-17T14:51:00.000Z,zone-a,humidity,59.8
2024-01-17T18:55:00.000Z,zone-c,temperature,34.4
2024-01-17T19:13:00.000Z,zone-b,temperature,32.9
2024-01-17T19:16:00.000Z,zone-c,humidity,73.1
2024-01-17T19:53:00.000Z,zone-d,pressure,996.1
2024-01-17T23:45:00.000Z,zone-a,light,817.3
2024-01-18T01:14:00.000Z,zone-c,pressure,1017.7
2024-01-18T07:02:00.000Z,zone-d,temperature,20.9
2024-01-18T07:59:00.000Z,zone-a,pressure,1009.2
2024-01-18T08:01:00.000Z,zone-b,pressure,996.4
2024-01-18T09:52:00.000Z,zone-d,humidity,74.8
2024-01-18T11:25:00.000Z,zone-c,light,161.1
2024-01-18T12:38:00.000Z,zone-d,light,747.1
2024-01-18T13:26:00.000Z,zone-a,temperature,17.3
2024-01-18T13:27:00.000Z,zone-b,humidity,32.1
2024-01-18T14:05:00.000Z,zone-b,light,105.2
2024-01-18T14:33:00.000Z,zone-a,humidity,50.6
2024-01-18T18:56:00.000Z,zone-a,pressure,999.7
2024-01-18T20:51:00.000Z,zone-a,light,472.3
2024-01-18T21:28:00.000Z,zone-b,light,503.7
2024-01-18T21:44:00.000Z,zone-d,light,523.7
2024-01-18T21:53:00.000Z,zone-b,temperature,30.4
2024-01-18T22:21:00.000Z,zone-d,humidity,59.5
2024-01-19T00:42:00.000Z,zone-c,pressure,1012.3
2024-01-19T01:01:00.000Z,zone-b,humidity,72.8
2024-01-19T03:49:00.000Z,zone-b,pressure,1006.7
2024-01-19T04:04:00.000Z,zone-c,temperature,33.8
2024-01-19T05:14:00.000Z,zone-d,pressure,1001.2
2024-01-19T05:18:00.000Z,zone-d,temperature,23.3
2024-01-19T11:32:00.000Z,zone-c,light,710
2024-01-19T12:15:00.000Z,zone-c,humidity,51.4
2024-01-19T14:39:00.000Z,zone-a,temperature,25.1
2024-01-19T16:58:00.000Z,zone-a,humidity,63.6
2024-01-19T19:20:00.000Z,zone-c,light,319
2024-01-19T19:23:00.000Z,zone-c,temperature,21
2024-01-19T23:06:00.000Z,zone-d,pressure,995.2
2024-01-20T00:16:00.000Z,zone-b,light,780.3
2024-01-20T01:46:00.000Z,zone-b,temperature,23.9
2024-01-20T02:54:00.000Z,zone-d,light,187.2
2024-01-20T04:52:00.000Z,zone-a,light,252.9
2024-01-20T05:57:00.000Z,zone-a,pressure,1009.9
2024-01-20T08:32:00.000Z,zone-c,humidity,76.8
2024-01-20T09:05:00.000Z,zone-d,temperature,20.3
2024-01-20T09:28:00.000Z,zone-a,humidity,66.8
2024-01-20T10:27:00.000Z,zone-a,temperature,20.8
2024-01-20T11:25:00.000Z,zone-c,pressure,1008.9
2024-01-20T13:01:00.000Z,zone-b,humidity,32.3
2024-01-20T14:52:00.000Z,zone-d,humidity,58.9
2024-01-20T16:41:00.000Z,zone-b,pressure,1018.6
2024-01-20T19:22:00.000Z,zone-d,temperature,31.6
2024-01-20T19:46:00.000Z,zone-c,light,273.5
2024-01-21T00:19:00.000Z,zone-b,pressure,1000.5
2024-01-21T03:57:00.000Z,zone-c,temperature,34.5
2024-01-21T06:24:00.000Z,zone-b,humidity,74.3
2024-01-21T06:26:00.000Z,zone-d,humidity,34.9
2024-01-21T07:19:00.000Z,zone-a,temperature,32.4
2024-01-21T08:12:00.000Z,zone-c,humidity,71.1
2024-01-21T08:44:00.000Z,zone-a,pressure,995.6
2024-01-21T09:57:00.000Z,zone-b,temperature,27.9
2024-01-21T10:16:00.000Z,zone-b,light,780.4
2024-01-21T11:54:00.000Z,zone-c,pressure,998.3
2024-01-21T13:42:00.000Z,zone-d,light,260.2
2024-01-21T14:14:00.000Z,zone-a,light,121
2024-01-21T16:11:00.000Z,zone-a,humidity,53.3
2024-01-21T16:12:00.000Z,zone-d,pressure,1017.3
2024-01-21T19:33:00.000Z,zone-a,humidity,64.8
2024-01-21T19:52:00.000Z,zone-a,light,274.9
2024-01-21T21:15:00.000Z,zone-d,pressure,1001.6
2024-01-21T22:07:00.000Z,zone-b,humidity,76.7
2024-01-21T22:42:00.000Z,zone-b,light,710.8
2024-01-22T00:06:00.000Z,zone-c,pressure,1019.8
2024-01-22T00:39:00.000Z,zone-a,temperature,33.4
2024-01-22T01:46:00.000Z,zone-b,pressure,1000.3
2024-01-22T02:24:00.000Z,zone-d,temperature,24.8
2024-01-22T03:40:00.000Z,zone-d,light,162.2
2024-01-22T13:19:00.000Z,zone-c,humidity,75.8
2024-01-22T13:34:00.000Z,zone-a,pressure,993.1
2024-01-22T13:45:00.000Z,zone-c,light,177.7
2024-01-22T14:03:00.000Z,zone-c,temperature,29.4
2024-01-22T14:51:00.000Z,zone-b,temperature,26.8
2024-01-22T17:21:00.000Z,zone-d,humidity,56
2024-01-22T20:44:00.000Z,zone-b,humidity,56.8
2024-01-22T23:10:00.000Z,zone-d,temperature,30
2024-01-23T01:15:00.000Z,zone-c,light,133.9
2024-01-23T01:31:00.000Z,zone-d,light,594.7
2024-01-23T03:13:00.000Z,zone-a,temperature,27.6
2024-01-23T05:51:00.000Z,zone-c,pressure,996.4
2024-01-23T06:42:00.000Z,zone-a,pressure,1004.2
2024-01-23T07:01:00.000Z,zone-a,humidity,55.8
2024-01-23T09:00:00.000Z,zone-d,pressure,1018.7
2024-01-23T09:41:00.000Z,zone-b,temperature,25.8
2024-01-23T12:15:00.000Z,zone-a,light,870.4
2024-01-23T12:22:00.000Z,zone-c,temperature,23.1
2024-01-23T12:28:00.000Z,zone-b,pressure,990.6
2024-01-23T13:28:00.000Z,zone-b,light,887.3
2024-01-23T14:35:00.000Z,zone-d,humidity,35.8
2024-01-23T18:00:00.000Z,zone-c,humidity,55.1
2024-01-23T19:43:00.000Z,zone-a,pressure,1015
2024-01-23T19:54:00.000Z,zone-d,light,178.6
2024-01-24T00:08:00.000Z,zone-d,humidity,40.9
2024-01-24T00:41:00.000Z,zone-b,temperature,29.4
2024-01-24T00:43:00.000Z,zone-a,temperature,31.8
2024-01-24T01:45:00.000Z,zone-c,light,868.8
2024-01-24T01:51:00.000Z,zone-c,temperature,28.7
2024-01-24T03:09:00.000Z,zone-a,light,512.8
2024-01-24T03:32:00.000Z,zone-d,pressure,1000.3
2024-01-24T07:20:00.000Z,zone-b,pressure,1012.9
2024-01-24T10:20:00.000Z,zone-b,humidity,60.3
2024-01-24T11:26:00.000Z,zone-b,light,412.5
2024-01-24T11:37:00.000Z,zone-c,humidity,52.8
2024-01-24T13:44:00.000Z,zone-c,pressure,1013.2
2024-01-24T15:01:00.000Z,zone-d,temperature,29.1
2024-01-24T16:11:00.000Z,zone-a,humidity,46.7
2024-01-24T19:18:00.000Z,zone-a,light,271.9
2024-01-24T19:58:00.000Z,zone-d,humidity,41.9
2024-01-24T20:40:00.000Z,zone-d,pressure,995.1
2024-01-24T21:50:00.000Z,zone-c,temperature,23.5
2024-01-24T22:41:00.000Z,zone-b,light,887.7
2024-01-25T02:20:00.000Z,zone-a,temperature,33.3
2024-01-25T03:57:00.000Z,zone-c,humidity,41.9
2024-01-25T04:33:00.000Z,zone-b,temperature,33.9
2024-01-25T05:16:00.000Z,zone-c,pressure,994.8
2024-01-25T06:56:00.000Z,zone-c,light,477.7
2024-01-25T07:31:00.000Z,zone-a,humidity,68.4
2024-01-25T09:12:00.000Z,zone-b,humidity,46.6
2024-01-25T11:02:00.000Z,zone-b,pressure,1008.2
2024-01-25T12:00:00.000Z,zone-a,pressure,1016.7
2024-01-25T13:48:00.000Z,zone-d,light,655.8
2024-01-25T16:19:00.000Z,zone-d,temperature,25.5
2024-01-25T21:56:00.000Z,zone-b,humidity,50
2024-01-26T00:32:00.000Z,zone-a,light,757.1
2024-01-26T03:12:00.000Z,zone-d,humidity,67.9
2024-01-26T04:15:00.000Z,zone-b,temperature,16.2
2024-01-26T04:17:00.000Z,zone-a,pressure,1002
2024-01-26T04:40:00.000Z,zone-c,humidity,76.7
2024-01-26T05:12:00.000Z,zone-c,temperature,30.2
2024-01-26T07:42:00.000Z,zone-d,temperature,15.2
2024-01-26T08:25:00.000Z,zone-d,pressure,1016.8
2024-01-26T11:51:00.000Z,zone-a,temperature,20.6
2024-01-26T13:40:00.000Z,zone-b,light,828.2
2024-01-26T14:19:00.000Z,zone-c,pressure,995.1
2024-01-26T15:18:00.000Z,zone-c,light,422.4
2024-01-26T15:36:00.000Z,zone-a,humidity,51.5
2024-01-26T17:30:00.000Z,zone-b,pressure,1004.3
2024-01-26T17:52:00.000Z,zone-d,light,734.8
2024-01-26T20:35:00.000Z,zone-d,temperature,29
2024-01-26T20:51:00.000Z,zone-a,temperature,30.3
2024-01-26T23:39:00.000Z,zone-b,temperature,28.1
2024-01-26T23:39:00.000Z,zone-c,humidity,50.9
2024-01-27T00:10:00.000Z,zone-b,light,170.6
2024-01-27T02:34:00.000Z,zone-d,pressure,1006.9
2024-01-27T05:20:00.000Z,zone-b,pressure,1011.3
2024-01-27T06:24:00.000Z,zone-d,light,735.6
2024-01-27T06:52:00.000Z,zone-a,humidity,77.2
2024-01-27T10:02:00.000Z,zone-c,light,434.7
2024-01-27T12:21:00.000Z,zone-c,pressure,1002.7
2024-01-27T13:28:00.000Z,zone-c,temperature,31.5
2024-01-27T15:49:00.000Z,zone-a,light,687.5
2024-01-27T15:59:00.000Z,zone-d,humidity,61.9
2024-01-27T17:26:00.000Z,zone-b,humidity,55.1
2024-01-27T18:24:00.000Z,zone-a,pressure,1000.6
2024-01-27T20:48:00.000Z,zone-c,light,348.3
2024-01-27T21:09:00.000Z,zone-d,temperature,23.9
2024-01-27T21:41:00.000Z,zone-d,light,639.3
2024-01-27T22:06:00.000Z,zone-b,pressure,1015.6
2024-01-28T00:08:00.000Z,zone-a,pressure,1001.1
2024-01-28T03:33:00.000Z,zone-b,humidity,60.2
2024-01-28T03:36:00.000Z,zone-a,light,708.8
2024-01-28T04:24:00.000Z,zone-d,humidity,60
2024-01-28T05:14:00.000Z,zone-c,humidity,33
2024-01-28T06:01:00.000Z,zone-a,humidity,33
2024-01-28T09:48:00.000Z,zone-b,temperature,28.2
2024-01-28T10:51:00.000Z,zone-c,temperature,16.9
2024-01-28T11:13:00.000Z,zone-d,pressure,990.8
2024-01-28T12:47:00.000Z,zone-c,pressure,1001.6
2024-01-28T15:23:00.000Z,zone-b,light,225
2024-01-28T18:02:00.000Z,zone-a,temperature,19.1
2024-01-28T19:21:00.000Z,zone-a,pressure,1008
2024-01-29T02:20:00.000Z,zone-a,humidity,77
2024-01-29T02:28:00.000Z,zone-d,pressure,1006.3
2024-01-29T06:45:00.000Z,zone-c,humidity,49.6
2024-01-29T07:29:00.000Z,zone-b,temperature,16.9
2024-01-29T07:30:00.000Z,zone-d,temperature,35
2024-01-29T07:40:00.000Z,zone-c,temperature,25
2024-01-29T08:16:00.000Z,zone-a,light,217
2024-01-29T09:55:00.000Z,zone-a,temperature,18.6
2024-01-29T10:04:00.000Z,zone-d,humidity,63.6
2024-01-29T10:15:00.000Z,zone-b,light,736.7
2024-01-29T13:07:00.000Z,zone-d,light,190.7
2024-01-29T13:22:00.000Z,zone-c,pressure,990.2
2024-01-29T15:04:00.000Z,zone-b,pressure,1005.9
2024-01-29T15:44:00.000Z,zone-c,light,779.1
2024-01-29T17:37:00.000Z,zone-b,humidity,64.4
2024-01-29T19:40:00.000Z,zone-c,light,108
2024-01-29T21:38:00.000Z,zone-a,humidity,36.5
2024-01-30T02:10:00.000Z,zone-d,light,808.9
2024-01-30T05:16:00.000Z,zone-c,humidity,71.7
2024-01-30T06:39:00.000Z,zone-a,light,599.3
2024-01-30T06:39:00.000Z,zone-b,pressure,990.6
2024-01-30T06:40:00.000Z,zone-d,pressure,995.4
2024-01-30T07:13:00.000Z,zone-d,humidity,47.4
2024-01-30T07:40:00.000Z,zone-b,temperature,31.1
2024-01-30T07:59:00.000Z,zone-b,humidity,70.9
2024-01-30T09:19:00.000Z,zone-c,temperature,17
2024-01-30T13:04:00.000Z,zone-a,pressure,1019.5
2024-01-30T14:02:00.000Z,zone-c,pressure,1003.1
2024-01-30T17:45:00.000Z,zone-b,light,685.5
2024-01-30T18:07:00.000Z,zone-a,temperature,17.4
2024-01-30T18:24:00.000Z,zone-d,temperature,24.1
2024-01-30T18:38:00.000Z,zone-c,light,590.4
2024-01-30T21:07:00.000Z,zone-b,temperature,34.6
2024-01-30T22:48:00.000Z,zone-c,pressure,991.6
2024-01-31T02:11:00.000Z,zone-d,temperature,28.3
2024-01-31T06:37:00.000Z,zone-b,light,712.9
2024-01-31T06:51:00.000Z,zone-a,pressure,1017.1
2024-01-31T07:40:00.000Z,zone-b,pressure,1019.5
2024-01-31T07:43:00.000Z,zone-a,humidity,54.5
2024-01-31T09:02:00.000Z,zone-d,humidity,34.8
2024-01-31T09:21:00.000Z,zone-b,humidity,69
2024-01-31T09:38:00.000Z,zone-a,temperature,26.7
2024-01-31T09:59:00.000Z,zone-d,pressure,1018.9
2024-01-31T10:08:00.000Z,zone-c,humidity,47.5
2024-01-31T16:05:00.000Z,zone-c,temperature,32.4
2024-01-31T16:33:00.000Z,zone-d,light,614
2024-01-31T18:04:00.000Z,zone-a,light,430.9
2024-01-31T23:11:00.000Z,zone-d,pressure,1015.1
2024-02-01T03:11:00.000Z,zone-a,temperature,22.4
2024-02-01T03:12:00.000Z,zone-b,pressure,993.2
2024-02-01T05:23:00.000Z,zone-b,humidity,54
2024-02-01T06:31:00.000Z,zone-b,temperature,22.2
2024-02-01T08:40:00.000Z,zone-c,pressure,1003.9
2024-02-01T10:42:00.000Z,zone-c,light,614.7
2024-02-01T11:04:00.000Z,zone-a,humidity,44.3
2024-02-01T13:42:00.000Z,zone-c,humidity,47.9
2024-02-01T14:08:00.000Z,zone-a,light,261.2
2024-02-01T14:48:00.000Z,zone-d,humidity,69.5
2024-02-01T14:59:00.000Z,zone-b,light,839.7
2024-02-01T16:07:00.000Z,zone-c,temperature,25.7
2024-02-01T16:56:00.000Z,zone-d,light,744.5
2024-02-01T17:24:00.000Z,zone-d,temperature,34.3
2024-02-01T17:30:00.000Z,zone-a,pressure,1005.4
2024-02-01T23:34:00.000Z,zone-b,light,449.1
2024-02-01T23:35:00.000Z,zone-a,pressure,1007.5
2024-02-01T23:35:00.000Z,zone-d,light,520.8
2024-02-01T23:40:00.000Z,zone-b,humidity,69.6
2024-02-02T02:25:00.000Z,zone-a,humidity,60.5
2024-02-02T02:56:00.000Z,zone-c,temperature,31.6
2024-02-02T03:35:00.000Z,zone-d,temperature,27.8
2024-02-02T04:45:00.000Z,zone-c,light,808.2
2024-02-02T05:12:00.000Z,zone-b,pressure,1001.2
2024-02-02T06:51:00.000Z,zone-c,pressure,1016.8
2024-02-02T08:26:00.000Z,zone-d,humidity,40.8
2024-02-02T10:05:00.000Z,zone-a,temperature,31.9
2024-02-02T11:57:00.000Z,zone-a,light,563.8
2024-02-02T13:28:00.000Z,zone-b,temperature,30.5
2024-02-02T14:16:00.000Z,zone-c,humidity,45.8
2024-02-02T16:02:00.000Z,zone-d,pressure,999.2
2024-02-02T19:13:00.000Z,zone-a,humidity,55.5
2024-02-02T21:00:00.000Z,zone-c,humidity,39.5
2024-02-02T22:36:00.000Z,zone-a,temperature,30.3
2024-02-03T00:30:00.000Z,zone-b,pressure,1005.3
2024-02-03T03:28:00.000Z,zone-b,temperature,31.1
2024-02-03T04:19:00.000Z,zone-b,humidity,58
2024-02-03T04:38:00.000Z,zone-c,temperature,24.5
2024-02-03T05:36:00.000Z,zone-a,pressure,1001.5
2024-02-03T06:33:00.000Z,zone-d,light,430.1
2024-02-03T07:23:00.000Z,zone-d,humidity,54
2024-02-03T08:43:00.000Z,zone-c,light,566.8
2024-02-03T09:45:00.000Z,zone-d,temperature,19.6
2024-02-03T13:11:00.000Z,zone-b,light,682.8
2024-02-03T13:48:00.000Z,zone-d,pressure,1000.9
2024-02-03T14:45:00.000Z,zone-a,light,783.6
2024-02-03T18:05:00.000Z,zone-c,pressure,1010.3
2024-02-03T18:38:00.000Z,zone-a,humidity,43
2024-02-03T19:44:00.000Z,zone-d,light,183
2024-02-03T21:35:00.000Z,zone-c,humidity,49.9
2024-02-04T00:25:00.000Z,zone-d,pressure,995.7
2024-02-04T04:16:00.000Z,zone-c,pressure,996.1
2024-02-04T04:36:00.000Z,zone-b,pressure,991.7
2024-02-04T05:30:00.000Z,zone-a,temperature,21.5
2024-02-04T07:13:00.000Z,zone-d,temperature,15.3
2024-02-04T11:11:00.000Z,zone-d,humidity,64.8
2024-02-04T12:12:00.000Z,zone-b,temperature,18.9
2024-02-04T12:17:00.000Z,zone-b,light,868
2024-02-04T14:17:00.000Z,zone-c,light,341.7
2024-02-04T16:09:00.000Z,zone-a,pressure,1017.6
2024-02-04T16:15:00.000Z,zone-c,temperature,19.9
2024-02-04T17:50:00.000Z,zone-b,humidity,68.4
2024-02-04T17:58:00.000Z,zone-a,light,636.2
2024-02-04T20:45:00.000Z,zone-b,temperature,16.4
2024-02-04T22:13:00.000Z,zone-a,light,172.5
2024-02-04T22:27:00.000Z,zone-d,temperature,26.9
2024-02-05T00:44:00.000Z,zone-b,pressure,992.3
2024-02-05T01:15:00.000Z,zone-c,light,494.5
2024-02-05T02:45:00.000Z,zone-c,humidity,60.1
2024-02-05T03:07:00.000Z,zone-c,temperature,18.4
2024-02-05T04:27:00.000Z,zone-b,humidity,60.9
2024-02-05T05:30:00.000Z,zone-d,pressure,990.6
2024-02-05T06:32:00.000Z,zone-b,light,453.5
2024-02-05T06:32:00.000Z,zone-d,light,750.4
2024-02-05T07:47:00.000Z,zone-a,temperature,20.6
2024-02-05T07:48:00.000Z,zone-a,humidity,71.8
2024-02-05T12:07:00.000Z,zone-a,pressure,1010.6
2024-02-05T15:27:00.000Z,zone-c,pressure,995.6
2024-02-05T16:04:00.000Z,zone-d,humidity,32.6
2024-02-05T20:36:00.000Z,zone-b,pressure,999.2
2024-02-05T22:24:00.000Z,zone-d,light,738.6
2024-02-06T01:59:00.000Z,zone-d,pressure,1017
2024-02-06T02:06:00.000Z,zone-d,humidity,36.1
2024-02-06T02:11:00.000Z,zone-c,temperature,22.7
2024-02-06T03:26:00.000Z,zone-b,light,125.6
2024-02-06T06:30:00.000Z,zone-a,humidity,31
2024-02-06T07:38:00.000Z,zone-a,light,474
2024-02-06T08:18:00.000Z,zone-a,pressure,1001.5
2024-02-06T10:00:00.000Z,zone-a,temperature,30.2
2024-02-06T10:25:00.000Z,zone-b,temperature,33.5
2024-02-06T11:02:00.000Z,zone-c,humidity,39.1
2024-02-06T11:27:00.000Z,zone-d,temperature,33.5
2024-02-06T13:42:00.000Z,zone-b,humidity,42.8
2024-02-06T17:34:00.000Z,zone-c,pressure,998.5
2024-02-06T18:09:00.000Z,zone-c,light,885.6
2024-02-06T20:00:00.000Z,zone-c,humidity,59.9
2024-02-06T20:16:00.000Z,zone-a,temperature,29
2024-02-06T21:34:00.000Z,zone-b,temperature,23.2
2024-02-06T22:45:00.000Z,zone-d,light,788.7
2024-02-06T22:55:00.000Z,zone-c,temperature,32.5
2024-02-06T23:56:00.000Z,zone-c,light,691.8
2024-02-07T00:09:00.000Z,zone-d,humidity,68.2
2024-02-07T03:05:00.000Z,zone-b,humidity,48.9
2024-02-07T03:17:00.000Z,zone-d,pressure,1017.3
2024-02-07T07:18:00.000Z,zone-d,temperature,25.7
2024-02-07T09:02:00.000Z,zone-b,light,813.2
2024-02-07T09:18:00.000Z,zone-a,humidity,61
2024-02-07T10:01:00.000Z,zone-c,pressure,1000.8
2024-02-07T12:35:00.000Z,zone-b,pressure,1008.9
2024-02-07T18:08:00.000Z,zone-a,light,202.7
2024-02-07T18:14:00.000Z,zone-a,pressure,993.1
2024-02-07T19:59:00.000Z,zone-c,temperature,25.1
2024-02-07T22:06:00.000Z,zone-b,humidity,34
2024-02-07T22:11:00.000Z,zone-c,pressure,997.7
2024-02-07T23:04:00.000Z,zone-d,pressure,1006.3
2024-02-08T04:33:00.000Z,zone-d,humidity,66.1
2024-02-08T05:05:00.000Z,zone-b,pressure,993.1
2024-02-08T07:57:00.000Z,zone-a,humidity,49.1
2024-02-08T08:46:00.000Z,zone-d,temperature,34.1
2024-02-08T09:35:00.000Z,zone-a,pressure,1008.6
2024-02-08T11:02:00.000Z,zone-d,light,887.6
2024-02-08T13:17:00.000Z,zone-a,temperature,31.2
2024-02-08T14:31:00.000Z,zone-b,temperature,19.9
2024-02-08T16:10:00.000Z,zone-c,humidity,72.7
2024-02-08T16:32:00.000Z,zone-a,light,590.9
2024-02-08T16:42:00.000Z,zone-b,light,273.6
2024-02-08T17:09:00.000Z,zone-c,light,166.7
2024-02-08T18:35:00.000Z,zone-b,pressure,1010.7
2024-02-08T20:00:00.000Z,zone-d,pressure,1008.7
2024-02-08T21:59:00.000Z,zone-c,pressure,1003.5
2024-02-08T22:39:00.000Z,zone-d,temperature,16.7
2024-02-08T23:22:00.000Z,zone-a,light,201
2024-02-08T23:32:00.000Z,zone-b,light,525.1
2024-02-08T23:45:00.000Z,zone-c,light,121
2024-02-09T02:48:00.000Z,zone-d,light,852.4
2024-02-09T03:48:00.000Z,zone-c,humidity,58.4
2024-02-09T05:00:00.000Z,zone-c,temperature,21.2
2024-02-09T05:26:00.000Z,zone-b,humidity,45
2024-02-09T06:21:00.000Z,zone-a,humidity,33.3
2024-02-09T13:05:00.000Z,zone-d,humidity,61.9
2024-02-09T14:48:00.000Z,zone-b,temperature,21.7
2024-02-09T16:16:00.000Z,zone-a,pressure,1008.3
2024-02-09T17:52:00.000Z,zone-a,temperature,28.3
2024-02-09T18:59:00.000Z,zone-d,humidity,74.7
2024-02-09T20:16:00.000Z,zone-b,pressure,1016.1
2024-02-09T20:18:00.000Z,zone-c,temperature,24.6
2024-02-09T21:02:00.000Z,zone-a,humidity,68.8
2024-02-09T23:07:00.000Z,zone-c,humidity,62.7
2024-02-10T00:33:00.000Z,zone-b,humidity,55.3
2024-02-10T01:14:00.000Z,zone-d,pressure,994
2024-02-10T04:35:00.000Z,zone-a,temperature,34.6
2024-02-10T06:46:00.000Z,zone-b,light,707.5
2024-02-10T08:14:00.000Z,zone-d,temperature,32.5
2024-02-10T11:14:00.000Z,zone-d,light,861.2
2024-02-10T11:23:00.000Z,zone-a,pressure,1009.5
2024-02-10T11:37:00.000Z,zone-a,light,598.1
2024-02-10T12:46:00.000Z,zone-c,light,518.2
2024-02-10T16:36:00.000Z,zone-b,temperature,30.5
2024-02-10T16:37:00.000Z,zone-c,pressure,990.3
2024-02-10T18:41:00.000Z,zone-a,light,714.9
2024-02-10T19:02:00.000Z,zone-d,light,143.5
2024-02-10T19:22:00.000Z,zone-c,light,256.7
2024-02-11T00:14:00.000Z,zone-c,pressure,1004.2
2024-02-11T00:45:00.000Z,zone-b,light,518.6
2024-02-11T02:18:00.000Z,zone-d,temperature,18.5
2024-02-11T03:21:00.000Z,zone-c,humidity,48.3
2024-02-11T03:40:00.000Z,zone-a,humidity,67.9
2024-02-11T05:07:00.000Z,zone-d,humidity,79.7
2024-02-11T07:03:00.000Z,zone-a,pressure,998.1
2024-02-11T07:20:00.000Z,zone-b,humidity,30
2024-02-11T11:32:00.000Z,zone-b,pressure,1015.6
2024-02-11T12:11:00.000Z,zone-a,temperature,15.3
2024-02-11T13:45:00.000Z,zone-d,pressure,996.8
2024-02-11T16:28:00.000Z,zone-b,temperature,20.2
2024-02-11T16:42:00.000Z,zone-c,temperature,21.9
2024-02-11T22:26:00.000Z,zone-d,humidity,46.2
2024-02-11T23:38:00.000Z,zone-a,temperature,16.2
2024-02-12T01:22:00.000Z,zone-a,humidity,32.9
2024-02-12T01:22:00.000Z,zone-d,temperature,24.9
2024-02-12T02:05:00.000Z,zone-c,temperature,28.7
2024-02-12T02:14:00.000Z,zone-c,pressure,990.5
2024-02-12T04:53:00.000Z,zone-c,humidity,45.6
2024-02-12T04:57:00.000Z,zone-a,light,749.7
2024-02-12T06:11:00.000Z,zone-d,light,479.5
2024-02-12T07:06:00.000Z,zone-d,pressure,996.6
2024-02-12T07:21:00.000Z,zone-b,pressure,991.2
2024-02-12T09:39:00.000Z,zone-c,light,374.3
2024-02-12T11:11:00.000Z,zone-b,humidity,50.3
2024-02-12T14:32:00.000Z,zone-b,light,575
2024-02-12T17:03:00.000Z,zone-a,pressure,1018.3
2024-02-12T18:19:00.000Z,zone-b,temperature,32.8
2024-02-12T21:04:00.000Z,zone-c,humidity,69.6
2024-02-12T23:19:00.000Z,zone-b,pressure,1001.1
2024-02-13T01:50:00.000Z,zone-c,light,359
2024-02-13T02:39:00.000Z,zone-a,temperature,30.3
2024-02-13T03:08:00.000Z,zone-a,light,233.1
2024-02-13T06:07:00.000Z,zone-a,humidity,68.4
2024-02-13T07:23:00.000Z,zone-d,pressure,1012.2
2024-02-13T08:54:00.000Z,zone-b,humidity,59.9
2024-02-13T11:39:00.000Z,zone-b,temperature,24.8
2024-02-13T11:41:00.000Z,zone-d,humidity,77.5
2024-02-13T13:04:00.000Z,zone-c,temperature,26.5
2024-02-13T14:01:00.000Z,zone-b,light,177.8
2024-02-13T14:11:00.000Z,zone-d,temperature,23.1
2024-02-13T14:54:00.000Z,zone-c,pressure,999.9
2024-02-13T16:40:00.000Z,zone-d,light,752.4
2024-02-13T18:23:00.000Z,zone-a,pressure,1009
2024-02-13T19:14:00.000Z,zone-b,humidity,68.9
2024-02-13T19:40:00.000Z,zone-d,humidity,42.2
2024-02-13T22:27:00.000Z,zone-a,light,885.5
2024-02-13T22:28:00.000Z,zone-c,pressure,1018.4
2024-02-13T22:42:00.000Z,zone-c,temperature,17.4
2024-02-13T23:12:00.000Z,zone-a,temperature,25.3
2024-02-13T23:20:00.000Z,zone-b,temperature,33.4
2024-02-14T09:37:00.000Z,zone-d,light,739.8
2024-02-14T10:23:00.000Z,zone-a,humidity,30.2
2024-02-14T11:21:00.000Z,zone-c,light,388.5
2024-02-14T12:56:00.000Z,zone-d,temperature,28
2024-02-14T14:08:00.000Z,zone-d,pressure,999.2
2024-02-14T14:22:00.000Z,zone-c,humidity,77.4
2024-02-14T15:16:00.000Z,zone-b,light,259.5
2024-02-14T15:41:00.000Z,zone-a,pressure,992.1
2024-02-14T17:34:00.000Z,zone-b,pressure,997.3
2024-02-14T20:15:00.000Z,zone-b,humidity,59.4
2024-02-14T20:38:00.000Z,zone-d,temperature,26.4
2024-02-14T22:42:00.000Z,zone-a,light,538
2024-02-14T22:43:00.000Z,zone-b,light,575.5
2024-02-15T00:28:00.000Z,zone-a,temperature,25
2024-02-15T00:39:00.000Z,zone-d,humidity,34.2
2024-02-15T00:40:00.000Z,zone-a,pressure,1002.4
2024-02-15T01:32:00.000Z,zone-a,humidity,61.9
2024-02-15T01:46:00.000Z,zone-c,light,727.4
2024-02-15T02:50:00.000Z,zone-c,pressure,1000
2024-02-15T03:12:00.000Z,zone-d,light,416.9
2024-02-15T04:00:00.000Z,zone-c,humidity,73.6
2024-02-15T06:18:00.000Z,zone-b,pressure,990.2
2024-02-15T10:52:00.000Z,zone-b,temperature,15.7
2024-02-15T15:28:00.000Z,zone-c,temperature,27.9
2024-02-15T17:54:00.000Z,zone-d,pressure,1015.9
2024-02-16T00:16:00.000Z,zone-b,humidity,47.6
2024-02-16T02:36:00.000Z,zone-a,light,749.7
2024-02-16T04:29:00.000Z,zone-d,light,504.2
2024-02-16T08:19:00.000Z,zone-b,temperature,24.2
2024-02-16T08:21:00.000Z,zone-a,humidity,76.8
2024-02-16T09:06:00.000Z,zone-d,humidity,39.8
2024-02-16T09:32:00.000Z,zone-a,pressure,993.3
2024-02-16T10:01:00.000Z,zone-c,pressure,999.5
2024-02-16T10:06:00.000Z,zone-c,light,518.9
2024-02-16T11:35:00.000Z,zone-d,temperature,34.1
2024-02-16T12:36:00.000Z,zone-b,light,812.7
2024-02-16T12:48:00.000Z,zone-b,pressure,1015.8
2024-02-16T14:44:00.000Z,zone-c,humidity,64.5
2024-02-16T16:10:00.000Z,zone-d,pressure,1017.6
2024-02-16T17:51:00.000Z,zone-c,temperature,15.1
2024-02-16T18:03:00.000Z,zone-a,temperature,26.9
2024-02-17T00:05:00.000Z,zone-d,light,530
2024-02-17T00:06:00.000Z,zone-a,pressure,1017.1
2024-02-17T00:51:00.000Z,zone-c,light,394.8
2024-02-17T01:15:00.000Z,zone-a,humidity,70.6
2024-02-17T01:31:00.000Z,zone-b,temperature,24.8
2024-02-17T02:31:00.000Z,zone-d,pressure,1008.9
2024-02-17T02:32:00.000Z,zone-c,pressure,1015.9
2024-02-17T04:45:00.000Z,zone-b,pressure,998.6
2024-02-17T05:12:00.000Z,zone-d,humidity,30.7
2024-02-17T06:37:00.000Z,zone-b,light,274
2024-02-17T07:50:00.000Z,zone-c,temperature,31.1
2024-02-17T10:35:00.000Z,zone-a,light,461.8
2024-02-17T13:20:00.000Z,zone-d,temperature,26.4
2024-02-17T14:26:00.000Z,zone-a,temperature,27
2024-02-17T14:32:00.000Z,zone-c,humidity,66.1
2024-02-17T15:29:00.000Z,zone-b,humidity,49.9
2024-02-17T19:06:00.000Z,zone-c,temperature,34.3
2024-02-17T19:06:00.000Z,zone-d,light,560.8
2024-02-17T20:07:00.000Z,zone-c,humidity,52.8
2024-02-17T22:14:00.000Z,zone-b,temperature,33.8
2024-02-17T22:24:00.000Z,zone-b,light,487.4
2024-02-17T23:47:00.000Z,zone-d,pressure,1008.7
2024-02-18T03:54:00.000Z,zone-d,temperature,26.7
2024-02-18T04:53:00.000Z,zone-a,pressure,1001.2
2024-02-18T05:58:00.000Z,zone-c,light,431.5
2024-02-18T06:34:00.000Z,zone-d,humidity,48.2
2024-02-18T06:41:00.000Z,zone-a,humidity,72
2024-02-18T06:51:00.000Z,zone-b,humidity,52.9
2024-02-18T09:18:00.000Z,zone-c,pressure,1007.2
2024-02-18T14:07:00.000Z,zone-a,temperature,16.8
2024-02-18T17:28:00.000Z,zone-a,light,350.4
2024-02-18T18:17:00.000Z,zone-b,pressure,991.3
2024-02-18T20:20:00.000Z,zone-a,light,804.5
2024-02-18T22:54:00.000Z,zone-b,pressure,1016.8
2024-02-19T00:10:00.000Z,zone-c,temperature,31.1
2024-02-19T00:24:00.000Z,zone-b,light,196.6
2024-02-19T05:19:00.000Z,zone-c,pressure,993.5
2024-02-19T07:33:00.000Z,zone-d,pressure,991.7
2024-02-19T09:20:00.000Z,zone-c,humidity,68.9
2024-02-19T09:52:00.000Z,zone-d,temperature,28.9
2024-02-19T09:58:00.000Z,zone-b,temperature,15.8
2024-02-19T10:40:00.000Z,zone-d,light,241.4
2024-02-19T11:46:00.000Z,zone-a,humidity,74.7
2024-02-19T12:15:00.000Z,zone-a,pressure,1017.5
2024-02-19T13:09:00.000Z,zone-a,temperature,29.4
2024-02-19T15:41:00.000Z,zone-d,humidity,56.9
2024-02-19T17:48:00.000Z,zone-c,light,248.3
2024-02-19T18:02:00.000Z,zone-b,humidity,43.2
2024-02-19T20:07:00.000Z,zone-b,temperature,15.9
2024-02-20T03:16:00.000Z,zone-a,humidity,32.4
2024-02-20T03:29:00.000Z,zone-b,light,141.3
2024-02-20T05:11:00.000Z,zone-d,pressure,990.5
2024-02-20T05:36:00.000Z,zone-a,temperature,17
2024-02-20T06:46:00.000Z,zone-c,pressure,991.1
2024-02-20T07:38:00.000Z,zone-d,temperature,28.8
2024-02-20T09:04:00.000Z,zone-a,pressure,999.7
2024-02-20T11:20:00.000Z,zone-c,humidity,78.2
2024-02-20T11:49:00.000Z,zone-d,humidity,78.4
2024-02-20T11:53:00.000Z,zone-d,light,257.6
2024-02-20T12:16:00.000Z,zone-c,temperature,34.8
2024-02-20T14:46:00.000Z,zone-c,light,814.3
2024-02-20T15:12:00.000Z,zone-b,humidity,79.7
2024-02-20T15:32:00.000Z,zone-a,light,580.4
2024-02-20T17:47:00.000Z,zone-b,pressure,1011.9
2024-02-20T19:16:00.000Z,zone-c,temperature,32.9
2024-02-20T19:31:00.000Z,zone-d,humidity,67.7
2024-02-20T21:07:00.000Z,zone-c,light,741.8
2024-02-20T22:21:00.000Z,zone-b,pressure,994.4
2024-02-20T22:58:00.000Z,zone-a,temperature,16.2
2024-02-20T23:41:00.000Z,zone-d,pressure,1001.6
2024-02-21T00:01:00.000Z,zone-b,light,360.1
2024-02-21T07:29:00.000Z,zone-a,pressure,1008.5
2024-02-21T08:08:00.000Z,zone-c,humidity,38.2
2024-02-21T11:42:00.000Z,zone-a,humidity,79.3
2024-02-21T12:28:00.000Z,zone-c,pressure,1005.6
2024-02-21T14:42:00.000Z,zone-b,humidity,38.4
2024-02-21T15:57:00.000Z,zone-a,light,404.2
2024-02-21T16:27:00.000Z,zone-b,temperature,30.6
2024-02-21T16:50:00.000Z,zone-d,light,161.7
2024-02-21T17:13:00.000Z,zone-d,temperature,26.3
2024-02-21T20:09:00.000Z,zone-d,temperature,22
2024-02-21T22:05:00.000Z,zone-d,pressure,991.9
2024-02-21T22:15:00.000Z,zone-b,humidity,56.7
2024-02-21T22:52:00.000Z,zone-c,humidity,49.8
2024-02-22T00:46:00.000Z,zone-d,humidity,47.3
2024-02-22T01:32:00.000Z,zone-b,temperature,33.4
2024-02-22T02:22:00.000Z,zone-a,humidity,54.1
2024-02-22T02:35:00.000Z,zone-a,light,113.9
2024-02-22T04:48:00.000Z,zone-a,pressure,993.4
2024-02-22T05:27:00.000Z,zone-b,light,742.4
2024-02-22T05:52:00.000Z,zone-c,light,756
2024-02-22T05:54:00.000Z,zone-c,pressure,998.5
2024-02-22T07:44:00.000Z,zone-b,pressure,1017.2
2024-02-22T08:33:00.000Z,zone-d,light,507.5
2024-02-22T10:47:00.000Z,zone-a,temperature,19
2024-02-22T14:49:00.000Z,zone-c,temperature,18.5
2024-02-22T19:12:00.000Z,zone-c,pressure,1019.9
2024-02-22T19:36:00.000Z,zone-c,light,311.9
2024-02-22T20:28:00.000Z,zone-d,pressure,998.2
2024-02-22T20:32:00.000Z,zone-c,humidity,77.8
2024-02-22T20:52:00.000Z,zone-d,light,332.8
2024-02-22T21:06:00.000Z,zone-a,temperature,28
2024-02-22T23:35:00.000Z,zone-a,humidity,78
2024-02-23T00:27:00.000Z,zone-d,temperature,30.5
2024-02-23T01:25:00.000Z,zone-b,light,438.6
2024-02-23T01:27:00.000Z,zone-c,temperature,34.6
2024-02-23T07:20:00.000Z,zone-a,pressure,1009.7
2024-02-23T11:12:00.000Z,zone-b,humidity,64.5
2024-02-23T11:35:00.000Z,zone-b,pressure,996.8
2024-02-23T11:47:00.000Z,zone-d,humidity,74.7
2024-02-23T13:23:00.000Z,zone-b,temperature,32.6
2024-02-23T14:26:00.000Z,zone-a,light,823.6
2024-02-23T19:45:00.000Z,zone-d,pressure,1004.7
2024-02-23T22:03:00.000Z,zone-c,temperature,19.8
2024-02-23T23:45:00.000Z,zone-c,pressure,1003
2024-02-24T01:54:00.000Z,zone-a,pressure,994.9
2024-02-24T04:42:00.000Z,zone-a,temperature,26
2024-02-24T04:51:00.000Z,zone-b,humidity,58.4
2024-02-24T05:41:00.000Z,zone-b,pressure,1004.2
2024-02-24T05:57:00.000Z,zone-c,humidity,33.6
2024-02-24T08:36:00.000Z,zone-d,temperature,29.7
2024-02-24T09:05:00.000Z,zone-a,light,875.6
2024-02-24T10:37:00.000Z,zone-d,light,685.8
2024-02-24T12:41:00.000Z,zone-c,light,776.3
2024-02-24T14:30:00.000Z,zone-d,humidity,38.6
2024-02-24T15:31:00.000Z,zone-a,humidity,72.1
2024-02-24T17:02:00.000Z,zone-b,light,841.8
2024-02-24T18:28:00.000Z,zone-b,temperature,22.2
2024-02-24T19:07:00.000Z,zone-c,pressure,1010
2024-02-24T20:25:00.000Z,zone-a,humidity,58.9
2024-02-24T22:06:00.000Z,zone-a,pressure,998.9
2024-02-24T23:40:00.000Z,zone-a,light,599.1
2024-02-25T01:07:00.000Z,zone-d,humidity,32.6
2024-02-25T02:39:00.000Z,zone-a,temperature,23
2024-02-25T03:36:00.000Z,zone-b,light,558.1
2024-02-25T03:58:00.000Z,zone-b,temperature,20.9
2024-02-25T06:18:00.000Z,zone-b,pressure,997.5
2024-02-25T06:28:00.000Z,zone-c,humidity,36.2
2024-02-25T10:06:00.000Z,zone-c,light,668.4
2024-02-25T11:37:00.000Z,zone-d,temperature,18.7
2024-02-25T13:02:00.000Z,zone-b,humidity,52.5
2024-02-25T13:42:00.000Z,zone-c,temperature,34.5
2024-02-25T14:04:00.000Z,zone-d,light,558.7
2024-02-25T15:03:00.000Z,zone-d,pressure,1014.9
2024-02-25T18:44:00.000Z,zone-d,pressure,1009.5
2024-02-25T19:22:00.000Z,zone-a,humidity,33.1
2024-02-25T20:26:00.000Z,zone-b,temperature,33.8
2024-02-25T21:03:00.000Z,zone-c,humidity,71.4
2024-02-25T23:19:00.000Z,zone-a,temperature,33.2
2024-02-25T23:59:00.000Z,zone-b,light,465.6
2024-02-26T02:41:00.000Z,zone-d,temperature,17.8
2024-02-26T03:47:00.000Z,zone-c,light,891.1
2024-02-26T04:22:00.000Z,zone-d,light,710.3
2024-02-26T07:57:00.000Z,zone-d,humidity,30.6
2024-02-26T10:00:00.000Z,zone-a,light,785.8
2024-02-26T13:00:00.000Z,zone-b,humidity,48.2
2024-02-26T13:02:00.000Z,zone-b,pressure,1015.4
2024-02-26T14:06:00.000Z,zone-c,temperature,20.4
2024-02-26T14:43:00.000Z,zone-c,pressure,996.4
2024-02-26T15:03:00.000Z,zone-a,pressure,994.2
2024-02-26T21:26:00.000Z,zone-a,pressure,996.3
2024-02-26T21:41:00.000Z,zone-d,pressure,1010.7
2024-02-26T21:44:00.000Z,zone-a,light,233.1
2024-02-26T22:15:00.000Z,zone-b,humidity,45.9
2024-02-27T02:27:00.000Z,zone-c,humidity,39.8
2024-02-27T02:48:00.000Z,zone-a,temperature,17.6
2024-02-27T04:12:00.000Z,zone-c,light,161.6
2024-02-27T05:55:00.000Z,zone-d,humidity,33.7
2024-02-27T05:57:00.000Z,zone-d,light,655.6
2024-02-27T06:04:00.000Z,zone-d,temperature,26.5
2024-02-27T07:20:00.000Z,zone-c,pressure,1019.5
2024-02-27T07:37:00.000Z,zone-b,pressure,999.2
2024-02-27T11:29:00.000Z,zone-a,humidity,39.9
2024-02-27T17:35:00.000Z,zone-b,temperature,30.5
2024-02-27T17:37:00.000Z,zone-b,light,305.2
2024-02-27T18:15:00.000Z,zone-c,temperature,15.8
2024-02-27T18:43:00.000Z,zone-c,temperature,34.8
2024-02-27T20:35:00.000Z,zone-d,pressure,1004.6
2024-02-27T20:45:00.000Z,zone-a,light,343.3
2024-02-27T20:50:00.000Z,zone-d,temperature,33.7
2024-02-27T21:09:00.000Z,zone-c,light,178.2
2024-02-27T23:47:00.000Z,zone-b,pressure,1001.6
2024-02-28T02:59:00.000Z,zone-b,humidity,55.8
2024-02-28T04:58:00.000Z,zone-b,temperature,27.1
2024-02-28T05:54:00.000Z,zone-d,light,373.8
2024-02-28T06:08:00.000Z,zone-a,pressure,1000.4
2024-02-28T06:34:00.000Z,zone-c,pressure,1013.2
2024-02-28T07:36:00.000Z,zone-d,humidity,41.4
2024-02-28T08:55:00.000Z,zone-c,humidity,72.4
2024-02-28T10:03:00.000Z,zone-b,light,478
2024-02-28T10:47:00.000Z,zone-a,temperature,30.9
2024-02-28T10:49:00.000Z,zone-a,humidity,47.6
2024-02-28T21:06:00.000Z,zone-c,pressure,995.9
2024-02-28T21:45:00.000Z,zone-d,pressure,1006
2024-02-28T23:23:00.000Z,zone-c,humidity,43.1
2024-02-29T02:45:00.000Z,zone-c,temperature,17.7
2024-02-29T02:56:00.000Z,zone-c,light,649.4
2024-02-29T03:49:00.000Z,zone-d,temperature,16.7
2024-02-29T06:56:00.000Z,zone-a,pressure,1020
2024-02-29T07:49:00.000Z,zone-a,light,837
2024-02-29T08:01:00.000Z,zone-b,pressure,1006
2024-02-29T08:42:00.000Z,zone-d,humidity,70.3
2024-02-29T10:11:00.000Z,zone-a,humidity,74.9
2024-02-29T11:20:00.000Z,zone-d,light,167.6
2024-02-29T12:09:00.000Z,zone-b,light,871.2
2024-02-29T13:12:00.000Z,zone-b,temperature,24.8
2024-02-29T16:45:00.000Z,zone-a,temperature,21.4
2024-02-29T17:39:00.000Z,zone-b,humidity,58.1
2024-02-29T20:16:00.000Z,zone-a,light,209.3
2024-02-29T20:22:00.000Z,zone-c,temperature,21
2024-02-29T22:28:00.000Z,zone-a,pressure,1013.9
2024-02-29T22:59:00.000Z,zone-b,temperature,21.3
2024-02-29T23:57:00.000Z,zone-c,light,423.7
2024-03-01T00:15:00.000Z,zone-a,humidity,62.7
2024-03-01T01:30:00.000Z,zone-d,pressure,1001.2
2024-03-01T02:34:00.000Z,zone-c,humidity,75.9
2024-03-01T04:28:00.000Z,zone-d,humidity,44.9
2024-03-01T05:52:00.000Z,zone-a,temperature,26
2024-03-01T05:52:00.000Z,zone-b,humidity,42.1
2024-03-01T06:33:00.000Z,zone-b,light,227.7
2024-03-01T13:23:00.000Z,zone-d,light,636.5
2024-03-01T13:32:00.000Z,zone-c,pressure,998.2
2024-03-01T13:56:00.000Z,zone-b,pressure,991.5
2024-03-01T17:38:00.000Z,zone-d,temperature,27
2024-03-01T23:33:00.000Z,zone-c,light,252.2
2024-03-02T00:28:00.000Z,zone-d,pressure,990.9
2024-03-02T02:54:00.000Z,zone-c,humidity,78.6
2024-03-02T03:02:00.000Z,zone-a,pressure,1017.3
2024-03-02T03:38:00.000Z,zone-d,temperature,20.9
2024-03-02T08:30:00.000Z,zone-c,pressure,1007.3
2024-03-02T10:18:00.000Z,zone-a,temperature,23.2
2024-03-02T10:31:00.000Z,zone-b,pressure,995.4
2024-03-02T11:26:00.000Z,zone-d,light,448.9
2024-03-02T11:29:00.000Z,zone-d,humidity,34.9
2024-03-02T11:44:00.000Z,zone-a,humidity,37.1
2024-03-02T12:04:00.000Z,zone-b,temperature,26.7
2024-03-02T15:17:00.000Z,zone-b,humidity,74.3
2024-03-02T16:15:00.000Z,zone-b,light,828.8
2024-03-02T17:23:00.000Z,zone-a,light,298.2
2024-03-02T17:45:00.000Z,zone-c,temperature,28.3
2024-03-02T18:44:00.000Z,zone-b,light,448.8
2024-03-02T20:30:00.000Z,zone-c,temperature,19.2
2024-03-02T20:50:00.000Z,zone-c,light,786.7
2024-03-03T00:50:00.000Z,zone-a,pressure,998.2
2024-03-03T02:30:00.000Z,zone-d,humidity,40.9
2024-03-03T02:39:00.000Z,zone-b,humidity,74.3
2024-03-03T03:56:00.000Z,zone-d,light,615
2024-03-03T04:17:00.000Z,zone-c,pressure,994.6
2024-03-03T05:38:00.000Z,zone-b,temperature,30.9
2024-03-03T06:39:00.000Z,zone-d,pressure,1000.7
2024-03-03T07:41:00.000Z,zone-b,pressure,1011.2
2024-03-03T10:11:00.000Z,zone-a,light,245.4
2024-03-03T11:22:00.000Z,zone-a,humidity,67.6
2024-03-03T13:51:00.000Z,zone-c,humidity,48.5
2024-03-03T16:42:00.000Z,zone-a,temperature,21.5
2024-03-03T18:13:00.000Z,zone-d,temperature,29.4
2024-03-03T19:53:00.000Z,zone-c,temperature,15.9
2024-03-03T20:02:00.000Z,zone-d,humidity,40.2
2024-03-03T23:45:00.000Z,zone-a,temperature,32.3
2024-03-04T02:12:00.000Z,zone-b,light,195.3
2024-03-04T03:00:00.000Z,zone-b,pressure,1014.2
2024-03-04T07:06:00.000Z,zone-d,light,275.7
2024-03-04T07:32:00.000Z,zone-a,humidity,54.5
2024-03-04T08:47:00.000Z,zone-d,pressure,1018
2024-03-04T09:18:00.000Z,zone-a,pressure,1017.1
2024-03-04T09:36:00.000Z,zone-c,humidity,54.2
2024-03-04T10:01:00.000Z,zone-a,light,418.4
2024-03-04T13:09:00.000Z,zone-b,humidity,75.7
2024-03-04T13:46:00.000Z,zone-c,light,764.3
2024-03-04T16:52:00.000Z,zone-b,temperature,18.9
2024-03-04T16:54:00.000Z,zone-d,temperature,24.1
2024-03-04T17:16:00.000Z,zone-c,pressure,1007.6
2024-03-04T18:50:00.000Z,zone-b,temperature,27
2024-03-04T19:03:00.000Z,zone-c,light,471.9
2024-03-04T22:55:00.000Z,zone-a,temperature,23.7
2024-03-05T01:29:00.000Z,zone-a,light,323
2024-03-05T03:09:00.000Z,zone-a,humidity,77
2024-03-05T04:08:00.000Z,zone-b,pressure,1003.2
2024-03-05T05:39:00.000Z,zone-c,humidity,70.8
2024-03-05T05:59:00.000Z,zone-d,temperature,24.2
2024-03-05T06:48:00.000Z,zone-b,humidity,41.7
2024-03-05T07:55:00.000Z,zone-c,pressure,998.6
2024-03-05T09:16:00.000Z,zone-c,temperature,17.2
2024-03-05T10:28:00.000Z,zone-d,pressure,1002.5
2024-03-05T12:27:00.000Z,zone-b,light,711.8
2024-03-05T17:14:00.000Z,zone-a,pressure,1017
2024-03-05T17:35:00.000Z,zone-d,light,551.3
2024-03-05T17:36:00.000Z,zone-d,humidity,72.1
2024-03-05T19:43:00.000Z,zone-c,temperature,30.5
2024-03-05T20:13:00.000Z,zone-c,light,449.4
2024-03-05T21:58:00.000Z,zone-d,temperature,19.1
2024-03-06T00:16:00.000Z,zone-b,temperature,21.1
2024-03-06T00:40:00.000Z,zone-c,humidity,71.6
2024-03-06T00:51:00.000Z,zone-d,light,600.8
2024-03-06T00:58:00.000Z,zone-c,pressure,1005.2
2024-03-06T01:33:00.000Z,zone-b,pressure,1016.5
2024-03-06T06:05:00.000Z,zone-b,humidity,72.5
2024-03-06T06:59:00.000Z,zone-a,light,870.8
2024-03-06T08:15:00.000Z,zone-b,light,609.6
2024-03-06T11:54:00.000Z,zone-a,humidity,55.7
2024-03-06T13:53:00.000Z,zone-a,pressure,992.3
2024-03-06T16:02:00.000Z,zone-a,temperature,27.5
2024-03-06T17:39:00.000Z,zone-d,humidity,32.1
2024-03-06T18:18:00.000Z,zone-d,pressure,1015.7
2024-03-06T20:09:00.000Z,zone-c,pressure,1000.7
2024-03-06T20:27:00.000Z,zone-b,temperature,25.3
2024-03-06T21:09:00.000Z,zone-a,humidity,30.6
2024-03-06T21:15:00.000Z,zone-a,pressure,1009.5
2024-03-06T21:57:00.000Z,zone-d,pressure,1010.3
2024-03-06T22:24:00.000Z,zone-d,humidity,64.4
2024-03-07T00:28:00.000Z,zone-b,light,458.1
2024-03-07T02:25:00.000Z,zone-d,light,587.3
2024-03-07T04:03:00.000Z,zone-a,light,236.2
2024-03-07T07:17:00.000Z,zone-d,temperature,24.4
2024-03-07T09:27:00.000Z,zone-b,pressure,1008.6
2024-03-07T10:40:00.000Z,zone-c,humidity,43.3
2024-03-07T13:41:00.000Z,zone-a,temperature,31
2024-03-07T13:43:00.000Z,zone-c,temperature,26.7
2024-03-07T16:29:00.000Z,zone-c,light,805.5
2024-03-07T17:05:00.000Z,zone-b,humidity,54.4
2024-03-07T19:17:00.000Z,zone-c,pressure,1009
2024-03-07T20:48:00.000Z,zone-b,light,156.5
2024-03-07T21:00:00.000Z,zone-b,temperature,33
2024-03-07T21:18:00.000Z,zone-c,temperature,19.7
2024-03-07T21:57:00.000Z,zone-b,humidity,50.6
2024-03-07T21:58:00.000Z,zone-d,temperature,33.9
2024-03-08T02:43:00.000Z,zone-d,humidity,37.8
2024-03-08T05:27:00.000Z,zone-c,humidity,53
2024-03-08T06:47:00.000Z,zone-a,pressure,1001.7
2024-03-08T07:23:00.000Z,zone-c,light,389.1
2024-03-08T07:30:00.000Z,zone-a,temperature,28.9
2024-03-08T12:07:00.000Z,zone-d,pressure,1002.9
2024-03-08T15:45:00.000Z,zone-d,light,666
2024-03-08T16:56:00.000Z,zone-b,pressure,1008.1
2024-03-08T17:28:00.000Z,zone-a,humidity,60.2
2024-03-08T18:11:00.000Z,zone-a,light,329.5
2024-03-08T18:45:00.000Z,zone-c,temperature,26.4
2024-03-08T18:58:00.000Z,zone-b,temperature,26.4
2024-03-08T22:52:00.000Z,zone-a,light,343.2
2024-03-08T23:00:00.000Z,zone-c,pressure,1016.4
2024-03-08T23:56:00.000Z,zone-a,temperature,32.7
2024-03-09T00:00:00.000Z,zone-a,pressure,1017.3
2024-03-09T01:54:00.000Z,zone-d,light,350.4
2024-03-09T03:41:00.000Z,zone-d,pressure,994.6
2024-03-09T04:09:00.000Z,zone-b,pressure,1000.8
2024-03-09T06:11:00.000Z,zone-b,humidity,33.5
2024-03-09T06:27:00.000Z,zone-d,temperature,28.1
2024-03-09T06:37:00.000Z,zone-c,humidity,58.5
2024-03-09T13:21:00.000Z,zone-a,humidity,75
2024-03-09T13:47:00.000Z,zone-b,light,743.8
2024-03-09T14:05:00.000Z,zone-c,light,642.1
2024-03-09T14:52:00.000Z,zone-d,humidity,76.3
2024-03-09T19:47:00.000Z,zone-b,pressure,1018.8
2024-03-09T20:26:00.000Z,zone-a,temperature,30.7
2024-03-09T22:50:00.000Z,zone-a,humidity,62.1
2024-03-10T01:08:00.000Z,zone-b,light,819.4
2024-03-10T01:10:00.000Z,zone-a,pressure,990.4
2024-03-10T01:42:00.000Z,zone-d,light,161.6
2024-03-10T02:29:00.000Z,zone-d,pressure,1007.7
2024-03-10T02:39:00.000Z,zone-c,light,359.9
2024-03-10T06:27:00.000Z,zone-b,temperature,20.5
2024-03-10T07:44:00.000Z,zone-d,temperature,17.4
2024-03-10T12:14:00.000Z,zone-c,pressure,1017
2024-03-10T12:48:00.000Z,zone-c,humidity,61.4
2024-03-10T14:40:00.000Z,zone-d,humidity,41.5
2024-03-10T15:27:00.000Z,zone-a,light,172
2024-03-10T16:53:00.000Z,zone-c,temperature,17.3
2024-03-10T17:07:00.000Z,zone-b,humidity,65.4
2024-03-10T20:14:00.000Z,zone-a,humidity,47.8
2024-03-10T22:20:00.000Z,zone-a,temperature,24.1
2024-03-10T23:32:00.000Z,zone-c,pressure,1004.8
2024-03-11T00:24:00.000Z,zone-d,light,306.2
2024-03-11T02:48:00.000Z,zone-a,light,357.4
2024-03-11T03:21:00.000Z,zone-b,pressure,1000
2024-03-11T03:58:00.000Z,zone-d,temperature,21.6
2024-03-11T04:06:00.000Z,zone-c,light,512.5
2024-03-11T04:51:00.000Z,zone-d,humidity,51.1
2024-03-11T07:17:00.000Z,zone-b,light,207.5
2024-03-11T08:12:00.000Z,zone-d,pressure,1016.2
2024-03-11T09:59:00.000Z,zone-c,temperature,24.9
2024-03-11T14:45:00.000Z,zone-a,pressure,1013.7
2024-03-11T15:04:00.000Z,zone-b,humidity,73.9
2024-03-11T16:53:00.000Z,zone-b,temperature,27.7
2024-03-11T17:31:00.000Z,zone-c,humidity,36.7
2024-03-11T22:01:00.000Z,zone-a,light,602.2
2024-03-11T23:16:00.000Z,zone-b,temperature,26.1
2024-03-12T05:19:00.000Z,zone-c,humidity,63.5
2024-03-12T06:33:00.000Z,zone-a,pressure,1014.8
2024-03-12T08:18:00.000Z,zone-b,humidity,47.1
2024-03-12T08:33:00.000Z,zone-d,temperature,34
2024-03-12T11:01:00.000Z,zone-b,pressure,1017.4
2024-03-12T12:49:00.000Z,zone-b,light,178.9
2024-03-12T13:17:00.000Z,zone-c,pressure,1007.2
2024-03-12T13:22:00.000Z,zone-d,pressure,995.9
2024-03-12T13:37:00.000Z,zone-a,humidity,51.4
2024-03-12T13:46:00.000Z,zone-a,temperature,28.5
2024-03-12T15:37:00.000Z,zone-c,temperature,28.5
2024-03-12T15:41:00.000Z,zone-d,humidity,61.4
2024-03-12T16:23:00.000Z,zone-d,light,673.4
2024-03-12T16:32:00.000Z,zone-c,light,598.7
2024-03-12T18:41:00.000Z,zone-d,temperature,20.1
2024-03-12T19:32:00.000Z,zone-c,light,461.4
2024-03-12T20:28:00.000Z,zone-c,temperature,21.3
2024-03-13T00:45:00.000Z,zone-d,humidity,58.3
2024-03-13T00:58:00.000Z,zone-d,pressure,1018.8
2024-03-13T01:39:00.000Z,zone-b,light,617.5
2024-03-13T02:38:00.000Z,zone-c,humidity,69.9
2024-03-13T03:06:00.000Z,zone-a,temperature,15.5
2024-03-13T04:11:00.000Z,zone-a,humidity,42
2024-03-13T05:10:00.000Z,zone-a,pressure,1002.2
2024-03-13T05:28:00.000Z,zone-d,light,528.1
2024-03-13T09:41:00.000Z,zone-b,temperature,16
2024-03-13T12:57:00.000Z,zone-b,pressure,997.2
2024-03-13T14:05:00.000Z,zone-b,humidity,53
2024-03-13T16:32:00.000Z,zone-c,pressure,1018.1
2024-03-13T16:47:00.000Z,zone-a,light,550.9
2024-03-13T21:22:00.000Z,zone-c,light,818.9
2024-03-13T21:42:00.000Z,zone-a,light,648
2024-03-13T21:53:00.000Z,zone-b,temperature,34.9
2024-03-14T04:55:00.000Z,zone-d,temperature,34.3
2024-03-14T05:17:00.000Z,zone-d,humidity,34.5
2024-03-14T06:09:00.000Z,zone-d,light,797
2024-03-14T07:04:00.000Z,zone-c,pressure,1001.7
2024-03-14T07:12:00.000Z,zone-b,pressure,999.2
2024-03-14T07:33:00.000Z,zone-b,light,825.4
2024-03-14T07:49:00.000Z,zone-a,temperature,34.2
2024-03-14T08:01:00.000Z,zone-b,humidity,43.1
2024-03-14T10:00:00.000Z,zone-a,humidity,67.5
2024-03-14T11:18:00.000Z,zone-c,temperature,25.7
2024-03-14T11:48:00.000Z,zone-d,pressure,1006.6
2024-03-14T18:24:00.000Z,zone-a,pressure,1012.3
2024-03-14T18:25:00.000Z,zone-c,humidity,56.4
2024-03-14T19:18:00.000Z,zone-d,humidity,79.9
2024-03-14T20:53:00.000Z,zone-c,temperature,18.4
2024-03-14T23:33:00.000Z,zone-a,pressure,996.6
2024-03-15T00:26:00.000Z,zone-a,light,160.3
2024-03-15T00:53:00.000Z,zone-a,temperature,18.1
2024-03-15T02:13:00.000Z,zone-d,pressure,1019.5
2024-03-15T02:48:00.000Z,zone-a,humidity,78
2024-03-15T03:01:00.000Z,zone-b,humidity,67.2
2024-03-15T03:20:00.000Z,zone-d,light,841
2024-03-15T05:09:00.000Z,zone-d,temperature,28
2024-03-15T05:17:00.000Z,zone-c,pressure,997.3
2024-03-15T06:59:00.000Z,zone-b,light,359.1
2024-03-15T13:04:00.000Z,zone-b,pressure,1006.3
2024-03-15T16:28:00.000Z,zone-c,light,789.2
2024-03-15T16:46:00.000Z,zone-b,temperature,16.7
2024-03-15T17:14:00.000Z,zone-c,humidity,50.1
2024-03-15T20:24:00.000Z,zone-b,pressure,1019.9
2024-03-15T20:42:00.000Z,zone-b,temperature,34.2
2024-03-15T20:52:00.000Z,zone-b,humidity,32.8
2024-03-15T21:00:00.000Z,zone-d,humidity,76.9
2024-03-15T22:31:00.000Z,zone-d,temperature,15.2
2024-03-15T22:40:00.000Z,zone-d,light,149.1
2024-03-16T00:24:00.000Z,zone-a,temperature,23.3
2024-03-16T01:00:00.000Z,zone-c,light,292.9
2024-03-16T02:12:00.000Z,zone-b,light,193.9
2024-03-16T04:30:00.000Z,zone-c,humidity,43.7
2024-03-16T07:27:00.000Z,zone-a,light,281.8
2024-03-16T11:06:00.000Z,zone-c,pressure,999.5
2024-03-16T13:19:00.000Z,zone-c,temperature,20.1
2024-03-16T14:42:00.000Z,zone-d,pressure,1019.7
2024-03-16T17:27:00.000Z,zone-a,humidity,42.3
2024-03-16T17:45:00.000Z,zone-a,pressure,1018.9
2024-03-16T19:44:00.000Z,zone-a,temperature,29.7
2024-03-16T20:41:00.000Z,zone-c,temperature,19.5
2024-03-16T22:01:00.000Z,zone-d,pressure,1008.9
2024-03-17T00:17:00.000Z,zone-a,humidity,58.7
2024-03-17T00:18:00.000Z,zone-c,light,691
2024-03-17T00:55:00.000Z,zone-c,pressure,992
2024-03-17T02:39:00.000Z,zone-b,light,608.2
2024-03-17T03:29:00.000Z,zone-a,light,820.7
2024-03-17T04:52:00.000Z,zone-d,humidity,36.2
2024-03-17T05:12:00.000Z,zone-a,pressure,1018.8
2024-03-17T05:44:00.000Z,zone-b,temperature,15.6
2024-03-17T08:45:00.000Z,zone-d,temperature,19.5
2024-03-17T09:19:00.000Z,zone-b,humidity,55.3
2024-03-17T09:53:00.000Z,zone-d,light,852.4
2024-03-17T11:55:00.000Z,zone-c,humidity,55
2024-03-17T13:34:00.000Z,zone-b,pressure,1000.1
2024-03-17T19:12:00.000Z,zone-a,humidity,69.4
2024-03-17T21:39:00.000Z,zone-c,humidity,40.5
2024-03-18T01:35:00.000Z,zone-d,temperature,24.7
2024-03-18T01:53:00.000Z,zone-c,temperature,29.6
2024-03-18T03:33:00.000Z,zone-d,humidity,33.5
2024-03-18T04:29:00.000Z,zone-b,light,753.1
2024-03-18T05:56:00.000Z,zone-a,light,189.6
2024-03-18T06:22:00.000Z,zone-d,pressure,991.7
2024-03-18T07:55:00.000Z,zone-b,temperature,33.1
2024-03-18T10:19:00.000Z,zone-d,light,493.8
2024-03-18T11:42:00.000Z,zone-a,temperature,22.1
2024-03-18T13:16:00.000Z,zone-c,pressure,1011.3
2024-03-18T14:19:00.000Z,zone-b,pressure,999.1
2024-03-18T14:27:00.000Z,zone-a,pressure,1013.4
2024-03-18T16:41:00.000Z,zone-b,humidity,70.9
2024-03-18T18:29:00.000Z,zone-c,light,844.9
2024-03-18T19:03:00.000Z,zone-c,pressure,1008.2
2024-03-18T19:08:00.000Z,zone-d,humidity,72
2024-03-18T19:21:00.000Z,zone-b,temperature,29.7
2024-03-18T21:11:00.000Z,zone-c,temperature,17.3
2024-03-18T22:02:00.000Z,zone-d,pressure,1016.4
2024-03-18T22:23:00.000Z,zone-d,light,323.3
2024-03-18T23:09:00.000Z,zone-c,light,635
2024-03-19T00:05:00.000Z,zone-a,temperature,21.6
2024-03-19T00:34:00.000Z,zone-b,humidity,36.6
2024-03-19T00:51:00.000Z,zone-d,temperature,26.5
2024-03-19T03:00:00.000Z,zone-c,humidity,72.2
2024-03-19T03:09:00.000Z,zone-a,pressure,995.6
2024-03-19T04:15:00.000Z,zone-a,light,759.4
2024-03-19T04:52:00.000Z,zone-b,pressure,1004.7
2024-03-19T09:36:00.000Z,zone-b,light,555.8
2024-03-19T12:19:00.000Z,zone-a,humidity,76.3
2024-03-19T19:53:00.000Z,zone-d,temperature,28.5
2024-03-20T01:26:00.000Z,zone-a,temperature,32.1
2024-03-20T02:12:00.000Z,zone-c,humidity,75.1
2024-03-20T04:08:00.000Z,zone-c,light,375.2
2024-03-20T05:08:00.000Z,zone-d,light,498.1
2024-03-20T06:05:00.000Z,zone-c,temperature,34
2024-03-20T07:31:00.000Z,zone-b,temperature,27
2024-03-20T08:07:00.000Z,zone-b,pressure,1016.1
2024-03-20T08:15:00.000Z,zone-a,light,114.8
2024-03-20T08:44:00.000Z,zone-a,pressure,1016.7
2024-03-20T09:01:00.000Z,zone-c,pressure,1005.8
2024-03-20T09:03:00.000Z,zone-b,light,318.7
2024-03-20T11:45:00.000Z,zone-b,humidity,64.1
2024-03-20T15:00:00.000Z,zone-a,humidity,43.5
2024-03-20T15:40:00.000Z,zone-d,pressure,992.6
2024-03-20T17:52:00.000Z,zone-d,humidity,57.5
2024-03-20T20:10:00.000Z,zone-b,temperature,15.5
2024-03-20T22:17:00.000Z,zone-b,humidity,58.2
2024-03-20T23:36:00.000Z,zone-c,pressure,991.5
2024-03-21T01:02:00.000Z,zone-a,light,779.1
2024-03-21T01:19:00.000Z,zone-d,light,299.7
2024-03-21T04:05:00.000Z,zone-b,pressure,1000.6
2024-03-21T06:43:00.000Z,zone-a,humidity,66.6
2024-03-21T06:44:00.000Z,zone-a,pressure,991
2024-03-21T06:55:00.000Z,zone-c,humidity,45.5
2024-03-21T07:21:00.000Z,zone-b,light,822.4
2024-03-21T12:17:00.000Z,zone-a,temperature,32.9
2024-03-21T12:43:00.000Z,zone-d,pressure,992.9
2024-03-21T14:42:00.000Z,zone-d,humidity,57.1
2024-03-21T14:45:00.000Z,zone-c,light,160.4
2024-03-21T15:15:00.000Z,zone-d,temperature,28
2024-03-21T15:39:00.000Z,zone-c,temperature,24.6
2024-03-21T18:57:00.000Z,zone-a,pressure,1004.5
2024-03-21T19:08:00.000Z,zone-b,light,532.8
2024-03-21T19:14:00.000Z,zone-c,light,558.4
2024-03-21T19:18:00.000Z,zone-d,light,367.4
2024-03-21T20:58:00.000Z,zone-a,temperature,23
2024-03-21T22:46:00.000Z,zone-c,pressure,1001.9
2024-03-21T23:32:00.000Z,zone-d,temperature,24.4
2024-03-21T23:35:00.000Z,zone-b,pressure,990.9
2024-03-22T02:51:00.000Z,zone-b,temperature,19.8
2024-03-22T02:51:00.000Z,zone-c,temperature,31.6
2024-03-22T03:52:00.000Z,zone-c,humidity,70.8
2024-03-22T06:05:00.000Z,zone-b,humidity,56.8
2024-03-22T10:39:00.000Z,zone-d,humidity,67.4
2024-03-22T14:07:00.000Z,zone-d,pressure,1006.7
2024-03-22T17:41:00.000Z,zone-a,light,283.7
2024-03-22T17:58:00.000Z,zone-a,humidity,79.2
2024-03-22T19:05:00.000Z,zone-c,humidity,78.5
2024-03-22T19:59:00.000Z,zone-b,light,266.3
2024-03-22T20:38:00.000Z,zone-a,light,802.8
2024-03-22T20:50:00.000Z,zone-c,light,364
2024-03-22T23:16:00.000Z,zone-c,temperature,21.7
2024-03-23T00:57:00.000Z,zone-b,humidity,72.1
2024-03-23T01:41:00.000Z,zone-a,humidity,38
2024-03-23T03:03:00.000Z,zone-a,temperature,28.2
2024-03-23T08:38:00.000Z,zone-b,pressure,1017.1
2024-03-23T10:45:00.000Z,zone-b,temperature,19.9
2024-03-23T14:33:00.000Z,zone-c,pressure,1009.2
2024-03-23T15:29:00.000Z,zone-d,temperature,28.9
2024-03-23T15:31:00.000Z,zone-d,pressure,1013.4
2024-03-23T16:28:00.000Z,zone-a,pressure,1002.6
2024-03-23T16:37:00.000Z,zone-d,light,575.8
2024-03-23T17:05:00.000Z,zone-d,humidity,40.5
2024-03-23T19:37:00.000Z,zone-a,pressure,1002.1
2024-03-23T20:04:00.000Z,zone-c,temperature,17.9
2024-03-23T22:57:00.000Z,zone-d,pressure,1001.5
2024-03-23T23:57:00.000Z,zone-c,light,577.4
2024-03-24T00:19:00.000Z,zone-c,humidity,45.7
2024-03-24T00:25:00.000Z,zone-d,light,654.2
2024-03-24T01:11:00.000Z,zone-b,pressure,1007.7
2024-03-24T01:27:00.000Z,zone-d,humidity,44.4
2024-03-24T02:38:00.000Z,zone-d,temperature,24.4
2024-03-24T08:12:00.000Z,zone-b,humidity,38.7
2024-03-24T09:25:00.000Z,zone-b,temperature,27.1
2024-03-24T09:47:00.000Z,zone-a,temperature,26.9
2024-03-24T10:34:00.000Z,zone-a,humidity,61.8
2024-03-24T11:35:00.000Z,zone-b,light,383.9
2024-03-24T12:47:00.000Z,zone-a,light,472.9
2024-03-24T15:20:00.000Z,zone-c,pressure,1003.2
2024-03-24T20:13:00.000Z,zone-c,temperature,26.4
2024-03-24T22:20:00.000Z,zone-c,humidity,69.4
2024-03-24T22:52:00.000Z,zone-d,pressure,1003.9
2024-03-24T23:53:00.000Z,zone-b,pressure,991.9
2024-03-25T05:46:00.000Z,zone-d,light,312.6
2024-03-25T06:19:00.000Z,zone-c,pressure,1019.3
2024-03-25T06:47:00.000Z,zone-a,pressure,1005.9
2024-03-25T07:56:00.000Z,zone-b,humidity,70.1
2024-03-25T08:13:00.000Z,zone-c,light,668.6
2024-03-25T08:46:00.000Z,zone-d,temperature,22.8
2024-03-25T09:12:00.000Z,zone-b,light,244.6
2024-03-25T14:55:00.000Z,zone-a,temperature,22.8
2024-03-25T15:48:00.000Z,zone-a,humidity,51.7
2024-03-25T17:03:00.000Z,zone-d,humidity,59.3
2024-03-25T17:57:00.000Z,zone-b,temperature,20
2024-03-25T18:09:00.000Z,zone-a,light,295.2
2024-03-25T19:17:00.000Z,zone-a,temperature,26.4
2024-03-25T19:32:00.000Z,zone-d,humidity,73.2
2024-03-25T19:56:00.000Z,zone-c,light,643.5
2024-03-25T20:13:00.000Z,zone-a,light,338.2
2024-03-25T22:21:00.000Z,zone-a,pressure,1012.3
2024-03-25T22:32:00.000Z,zone-b,light,591.2
2024-03-26T00:12:00.000Z,zone-b,temperature,17.7
2024-03-26T01:09:00.000Z,zone-d,pressure,996.2
2024-03-26T01:20:00.000Z,zone-b,pressure,1011.8
2024-03-26T02:16:00.000Z,zone-d,temperature,33.3
2024-03-26T04:20:00.000Z,zone-d,light,245.5
2024-03-26T07:49:00.000Z,zone-a,humidity,71
2024-03-26T09:15:00.000Z,zone-c,humidity,51.2
2024-03-26T13:12:00.000Z,zone-c,pressure,1002.3
2024-03-26T15:54:00.000Z,zone-c,temperature,15
2024-03-26T16:47:00.000Z,zone-b,humidity,69.3
2024-03-26T18:37:00.000Z,zone-c,humidity,43.6
2024-03-26T18:52:00.000Z,zone-a,pressure,1015.2
2024-03-26T19:57:00.000Z,zone-b,light,322.9
2024-03-26T21:22:00.000Z,zone-a,light,666.8
2024-03-26T21:43:00.000Z,zone-d,temperature,19.6
2024-03-27T04:51:00.000Z,zone-c,light,689.3
2024-03-27T05:18:00.000Z,zone-d,humidity,48.5
2024-03-27T07:26:00.000Z,zone-d,light,291.7
2024-03-27T09:02:00.000Z,zone-b,temperature,29.2
2024-03-27T10:47:00.000Z,zone-d,pressure,993.4
2024-03-27T14:29:00.000Z,zone-a,humidity,36.8
2024-03-27T15:11:00.000Z,zone-c,temperature,19.1
2024-03-27T15:15:00.000Z,zone-a,temperature,30
2024-03-27T17:16:00.000Z,zone-b,pressure,1005.2
2024-03-27T17:18:00.000Z,zone-b,humidity,53.7
2024-03-27T17:50:00.000Z,zone-c,pressure,1014.1
2024-03-27T18:36:00.000Z,zone-d,light,127.1
2024-03-27T20:05:00.000Z,zone-d,pressure,1007.4
2024-03-27T20:07:00.000Z,zone-b,temperature,24.3
2024-03-27T21:42:00.000Z,zone-a,humidity,35.2
2024-03-27T23:39:00.000Z,zone-c,pressure,1016.3
2024-03-28T03:44:00.000Z,zone-c,temperature,17.1
2024-03-28T04:54:00.000Z,zone-a,pressure,1014.2
2024-03-28T04:54:00.000Z,zone-d,temperature,21.2
2024-03-28T05:09:00.000Z,zone-c,light,210.4
2024-03-28T06:32:00.000Z,zone-b,humidity,33.8
2024-03-28T07:06:00.000Z,zone-a,temperature,23.9
2024-03-28T10:42:00.000Z,zone-b,pressure,1002.6
2024-03-28T11:59:00.000Z,zone-c,humidity,56.4
2024-03-28T14:56:00.000Z,zone-b,light,262.9
2024-03-28T16:03:00.000Z,zone-a,light,871.9
2024-03-28T17:20:00.000Z,zone-d,humidity,58.2
2024-03-28T19:17:00.000Z,zone-b,pressure,994.2
2024-03-28T22:37:00.000Z,zone-c,temperature,32.9
2024-03-28T22:51:00.000Z,zone-b,temperature,28.4
2024-03-29T02:25:00.000Z,zone-b,humidity,41.1
2024-03-29T02:42:00.000Z,zone-c,light,194.6
2024-03-29T03:32:00.000Z,zone-c,humidity,40.1
2024-03-29T03:34:00.000Z,zone-d,humidity,31.9
2024-03-29T04:49:00.000Z,zone-d,light,141.3
2024-03-29T05:19:00.000Z,zone-d,pressure,995
2024-03-29T05:59:00.000Z,zone-d,temperature,32.5
2024-03-29T07:28:00.000Z,zone-a,humidity,70.5
2024-03-29T08:40:00.000Z,zone-c,pressure,1011.5
2024-03-29T09:50:00.000Z,zone-a,light,474.9
2024-03-29T12:39:00.000Z,zone-a,temperature,20.2
2024-03-29T14:22:00.000Z,zone-a,pressure,1018.9
2024-03-29T16:45:00.000Z,zone-b,light,865.3
2024-03-29T18:41:00.000Z,zone-c,light,510.7
2024-03-29T20:10:00.000Z,zone-a,pressure,1015.4
2024-03-29T20:26:00.000Z,zone-d,temperature,33.8
2024-03-29T20:34:00.000Z,zone-c,humidity,68.2
2024-03-29T21:02:00.000Z,zone-d,humidity,76
2024-03-29T23:51:00.000Z,zone-b,light,369.9
2024-03-30T03:05:00.000Z,zone-c,pressure,1017.3
2024-03-30T05:06:00.000Z,zone-c,temperature,16.7
2024-03-30T06:40:00.000Z,zone-d,pressure,1003.6
2024-03-30T08:52:00.000Z,zone-b,temperature,22.7
2024-03-30T09:15:00.000Z,zone-a,humidity,62.9
2024-03-30T11:24:00.000Z,zone-d,light,598
2024-03-30T14:35:00.000Z,zone-a,temperature,27.4
2024-03-30T17:05:00.000Z,zone-a,light,529
2024-03-30T17:33:00.000Z,zone-b,humidity,30.6
2024-03-30T18:24:00.000Z,zone-b,pressure,1000.6